Index,Key
0,10
0,16
0,17
0,18
0,19
0,21
0,24
0,25
0,27
0,30
0,32
0,41
0,43
0,44
0,46
0,52
0,55
0,56
0,57
0,58
0,59
0,60
0,61
0,70
0,73
0,74
0,90
0,92
0,95
0,105
0,106
0,108
0,111
0,126
0,133
0,134
0,136
0,138
0,149
0,154
0,161
0,163
0,186
0,190
0,200
0,207
0,212
0,213
0,216
0,217
0,219
0,238
0,254
0,262
0,263
0,265
0,266
0,277
0,291
0,295
0,298
0,300
0,304
0,307
0,310
0,316
0,319
0,321
0,324
0,333
0,339
0,366
0,393
0,403
0,407
0,410
0,416
0,417
0,419
0,420
0,428
0,429
0,430
0,431
0,432
0,433
0,434
0,435
0,445
0,448
0,449
0,451
0,453
0,463
0,482
0,495
0,497
0,501
0,502
0,503
1,512
1,515
1,527
1,528
1,547
1,551
1,562
1,563
1,565
1,566
1,567
1,577
1,580
1,581
1,583
1,601
1,604
1,608
1,615
1,631
1,649
1,653
1,654
1,661
1,663
1,665
1,669
1,670
1,674
1,675
1,677
1,679
1,700
1,702
1,705
1,707
1,709
1,716
1,722
1,724
1,729
1,740
1,741
1,744
1,746
1,747
1,748
1,749
1,750
1,751
1,752
1,753
1,758
1,759
1,767
1,769
1,778
1,779
1,787
1,794
1,797
1,798
1,799
1,800
1,810
1,815
1,819
1,827
1,830
1,838
1,850
1,854
1,856
1,857
1,860
1,876
1,882
1,893
1,897
1,931
1,933
1,937
1,950
1,952
1,959
1,961
1,968
1,969
1,970
1,971
1,978
1,979
1,981
1,987
1,990
1,995
1,1008
1,1013
1,1027
1,1034
2,1036
2,1037
2,1039
2,1060
2,1081
2,1082
2,1085
2,1086
2,1091
2,1100
2,1107
2,1108
2,1110
2,1112
2,1115
2,1116
2,1122
2,1125
2,1127
2,1131
2,1132
2,1139
2,1152
2,1156
2,1157
2,1162
2,1168
2,1179
2,1180
2,1181
2,1183
2,1185
2,1192
2,1199
2,1203
2,1206
2,1211
2,1214
2,1216
2,1218
2,1220
2,1226
2,1232
2,1240
2,1241
2,1246
2,1261
2,1291
2,1292
2,1294
2,1296
2,1300
2,1309
2,1311
2,1313
2,1328
2,1329
2,1330
2,1344
2,1352
2,1354
2,1355
2,1373
2,1392
2,1404
2,1408
2,1409
2,1415
2,1431
2,1433
2,1436
2,1438
2,1441
2,1447
2,1456
2,1462
2,1471
2,1472
2,1473
2,1474
2,1502
2,1512
2,1513
2,1516
2,1525
2,1531
2,1537
2,1539
2,1549
2,1550
2,1551
2,1558
2,1559
2,1566
2,1574
2,1580
2,1581
2,1588
2,1593
2,1596
3,1597
3,1605
3,1609
3,1612
3,1623
3,1633
3,1634
3,1642
3,1643
3,1646
3,1650
3,1653
3,1655
3,1665
3,1667
3,1673
3,1674
3,1681
3,1685
3,1690
3,1691
3,1700
3,1708
3,1712
3,1713
3,1714
3,1716
3,1721
3,1724
3,1730
3,1736
3,1747
3,1750
3,1758
3,1767
3,1768
3,1772
3,1789
3,1791
3,1792
3,1794
3,1795
3,1799
3,1801
3,1802
3,1803
3,1806
3,1807
3,1811
3,1812
3,1815
3,1825
3,1827
3,1829
3,1840
3,1841
3,1849
3,1870
3,1871
3,1889
3,1899
3,1900
3,1917
3,1918
3,1922
3,1926
3,1929
3,1931
3,1935
3,1937
3,1938
3,1948
3,1953
3,1957
3,1958
3,1959
3,1960
3,1967
3,1974
3,1977
3,1988
3,1990
3,1997
3,1998
3,2005
3,2006
3,2014
3,2015
3,2041
3,2048
3,2051
3,2052
3,2057
3,2062
3,2065
3,2067
3,2068
3,2069
3,2070
3,2071
4,2075
4,2082
4,2088
4,2104
4,2113
4,2114
4,2121
4,2126
4,2134
4,2135
4,2146
4,2149
4,2150
4,2156
4,2166
4,2167
4,2171
4,2172
4,2177
4,2182
4,2189
4,2194
4,2195
4,2196
4,2213
4,2217
4,2228
4,2241
4,2258
4,2259
4,2260
4,2261
4,2275
4,2294
4,2299
4,2319
4,2322
4,2331
4,2333
4,2339
4,2348
4,2351
4,2353
4,2362
4,2366
4,2375
4,2376
4,2380
4,2381
4,2382
4,2396
4,2403
4,2405
4,2406
4,2410
4,2414
4,2424
4,2427
4,2429
4,2430
4,2432
4,2433
4,2435
4,2454
4,2467
4,2475
4,2477
4,2478
4,2488
4,2491
4,2493
4,2497
4,2498
4,2499
4,2501
4,2504
4,2508
4,2511
4,2521
4,2550
4,2556
4,2563
4,2566
4,2567
4,2573
4,2574
4,2579
4,2593
4,2598
4,2604
4,2610
4,2614
4,2615
4,2641
4,2644
4,2653
4,2659
4,2662
4,2663
4,2667
5,2671
5,2673
5,2681
5,2685
5,2688
5,2691
5,2711
5,2715
5,2731
5,2736
5,2738
5,2740
5,2742
5,2744
5,2745
5,2747
5,2775
5,2777
5,2780
5,2784
5,2785
5,2792
5,2798
5,2811
5,2815
5,2827
5,2837
5,2840
5,2841
5,2842
5,2843
5,2850
5,2851
5,2862
5,2871
5,2893
5,2897
5,2907
5,2909
5,2910
5,2914
5,2918
5,2925
5,2930
5,2933
5,2935
5,2943
5,2956
5,2971
5,2973
5,2974
5,2976
5,2977
5,2981
5,2984
5,2986
5,2987
5,2994
5,2996
5,3001
5,3002
5,3011
5,3016
5,3020
5,3022
5,3026
5,3037
5,3049
5,3050
5,3051
5,3061
5,3062
5,3066
5,3073
5,3075
5,3079
5,3082
5,3088
5,3091
5,3101
5,3117
5,3118
5,3123
5,3135
5,3138
5,3140
5,3144
5,3150
5,3153
5,3159
5,3162
5,3163
5,3172
5,3175
5,3177
5,3195
5,3200
5,3206
5,3213
5,3216
6,3217
6,3225
6,3239
6,3240
6,3250
6,3255
6,3257
6,3258
6,3259
6,3299
6,3301
6,3302
6,3309
6,3317
6,3333
6,3340
6,3347
6,3357
6,3365
6,3368
6,3369
6,3370
6,3386
6,3389
6,3404
6,3412
6,3416
6,3422
6,3425
6,3431
6,3439
6,3442
6,3448
6,3456
6,3458
6,3459
6,3465
6,3474
6,3478
6,3483
6,3488
6,3494
6,3500
6,3504
6,3509
6,3518
6,3519
6,3525
6,3534
6,3537
6,3545
6,3547
6,3552
6,3564
6,3572
6,3573
6,3594
6,3601
6,3602
6,3603
6,3604
6,3617
6,3622
6,3623
6,3624
6,3626
6,3631
6,3635
6,3636
6,3647
6,3651
6,3657
6,3659
6,3668
6,3674
6,3682
6,3686
6,3687
6,3691
6,3693
6,3697
6,3698
6,3707
6,3711
6,3717
6,3718
6,3721
6,3729
6,3735
6,3738
6,3767
6,3777
6,3779
6,3781
6,3785
6,3791
6,3794
6,3804
6,3810
6,3822
7,3834
7,3838
7,3841
7,3848
7,3852
7,3853
7,3854
7,3856
7,3859
7,3863
7,3865
7,3874
7,3875
7,3886
7,3887
7,3890
7,3902
7,3913
7,3922
7,3923
7,3924
7,3935
7,3937
7,3944
7,3948
7,3949
7,3950
7,3957
7,3967
7,3969
7,3970
7,3972
7,3973
7,3981
7,3988
7,3989
7,3990
7,3996
7,3997
7,4000
7,4025
7,4048
7,4051
7,4052
7,4053
7,4059
7,4070
7,4072
7,4078
7,4102
7,4105
7,4116
7,4120
7,4121
7,4126
7,4128
7,4134
7,4145
7,4147
7,4158
7,4159
7,4163
7,4165
7,4169
7,4170
7,4175
7,4177
7,4180
7,4189
7,4194
7,4201
7,4202
7,4209
7,4234
7,4235
7,4239
7,4245
7,4266
7,4268
7,4273
7,4276
7,4277
7,4278
7,4284
7,4289
7,4296
7,4300
7,4303
7,4306
7,4308
7,4314
7,4330
7,4331
7,4336
7,4340
7,4352
7,4353
7,4358
7,4367
7,4368
8,4372
8,4373
8,4384
8,4397
8,4416
8,4427
8,4433
8,4441
8,4451
8,4452
8,4453
8,4457
8,4468
8,4474
8,4486
8,4487
8,4501
8,4507
8,4509
8,4512
8,4521
8,4523
8,4537
8,4538
8,4549
8,4574
8,4585
8,4586
8,4597
8,4598
8,4602
8,4610
8,4611
8,4613
8,4617
8,4633
8,4639
8,4640
8,4641
8,4642
8,4647
8,4648
8,4651
8,4652
8,4658
8,4660
8,4670
8,4673
8,4679
8,4695
8,4701
8,4703
8,4708
8,4725
8,4729
8,4732
8,4735
8,4736
8,4738
8,4741
8,4748
8,4749
8,4752
8,4758
8,4759
8,4761
8,4764
8,4773
8,4786
8,4796
8,4816
8,4824
8,4827
8,4833
8,4839
8,4867
8,4871
8,4877
8,4878
8,4879
8,4880
8,4885
8,4886
8,4889
8,4907
8,4909
8,4910
8,4922
8,4924
8,4928
8,4932
8,4938
8,4951
8,4955
8,4959
8,4961
8,4970
8,4982
8,4993
8,4996
9,5000
9,5001
9,5002
9,5003
9,5025
9,5026
9,5030
9,5041
9,5042
9,5054
9,5059
9,5062
9,5063
9,5064
9,5073
9,5091
9,5097
9,5106
9,5112
9,5114
9,5115
9,5130
9,5136
9,5137
9,5144
9,5153
9,5155
9,5156
9,5164
9,5165
9,5190
9,5191
9,5193
9,5195
9,5198
9,5200
9,5201
9,5213
9,5224
9,5231
9,5235
9,5237
9,5241
9,5258
9,5259
9,5261
9,5262
9,5265
9,5271
9,5274
9,5275
9,5276
9,5284
9,5295
9,5297
9,5309
9,5317
9,5318
9,5322
9,5323
9,5327
9,5328
9,5329
9,5332
9,5353
9,5361
9,5363
9,5372
9,5373
9,5382
9,5386
9,5391
9,5392
9,5409
9,5412
9,5418
9,5420
9,5423
9,5446
9,5459
9,5461
9,5465
9,5468
9,5469
9,5476
9,5480
9,5484
9,5486
9,5490
9,5499
9,5503
9,5514
9,5527
9,5528
9,5540
9,5550
9,5557
9,5562
9,5572
9,5577
10,5580
10,5583
10,5588
10,5591
10,5597
10,5598
10,5601
10,5602
10,5610
10,5618
10,5630
10,5631
10,5641
10,5642
10,5650
10,5651
10,5659
10,5660
10,5665
10,5669
10,5672
10,5684
10,5691
10,5704
10,5712
10,5728
10,5729
10,5736
10,5741
10,5748
10,5752
10,5754
10,5757
10,5765
10,5770
10,5779
10,5787
10,5799
10,5804
10,5808
10,5811
10,5815
10,5816
10,5822
10,5823
10,5825
10,5826
10,5831
10,5837
10,5851
10,5854
10,5856
10,5857
10,5861
10,5864
10,5866
10,5867
10,5870
10,5871
10,5873
10,5876
10,5877
10,5879
10,5887
10,5891
10,5900
10,5902
10,5905
10,5910
10,5914
10,5927
10,5932
10,5936
10,5937
10,5940
10,5953
10,5954
10,5960
10,5967
10,5972
10,5973
10,5977
10,5986
10,5989
10,5993
10,5997
10,6007
10,6008
10,6009
10,6010
10,6011
10,6016
10,6017
10,6023
10,6033
10,6035
10,6037
10,6040
10,6041
10,6043
11,6050
11,6065
11,6071
11,6086
11,6088
11,6090
11,6104
11,6105
11,6106
11,6115
11,6118
11,6150
11,6168
11,6172
11,6182
11,6186
11,6189
11,6195
11,6196
11,6207
11,6208
11,6209
11,6225
11,6226
11,6228
11,6229
11,6255
11,6257
11,6259
11,6260
11,6264
11,6269
11,6277
11,6278
11,6280
11,6285
11,6295
11,6301
11,6302
11,6310
11,6311
11,6315
11,6318
11,6320
11,6321
11,6323
11,6335
11,6339
11,6340
11,6342
11,6343
11,6344
11,6350
11,6353
11,6356
11,6373
11,6377
11,6378
11,6383
11,6390
11,6392
11,6395
11,6400
11,6402
11,6408
11,6409
11,6416
11,6425
11,6426
11,6427
11,6428
11,6435
11,6442
11,6443
11,6451
11,6457
11,6458
11,6459
11,6462
11,6468
11,6473
11,6486
11,6488
11,6489
11,6496
11,6497
11,6506
11,6507
11,6509
11,6510
11,6529
11,6530
11,6533
11,6534
11,6538
11,6545
11,6553
11,6555
11,6572
11,6576
12,6578
12,6594
12,6595
12,6599
12,6601
12,6615
12,6638
12,6639
12,6648
12,6651
12,6661
12,6663
12,6668
12,6671
12,6672
12,6681
12,6690
12,6691
12,6695
12,6708
12,6710
12,6735
12,6744
12,6745
12,6747
12,6756
12,6757
12,6758
12,6761
12,6783
12,6787
12,6788
12,6791
12,6794
12,6797
12,6804
12,6814
12,6822
12,6827
12,6828
12,6829
12,6838
12,6839
12,6842
12,6843
12,6845
12,6850
12,6860
12,6864
12,6870
12,6872
12,6877
12,6881
12,6884
12,6887
12,6889
12,6898
12,6899
12,6902
12,6904
12,6907
12,6913
12,6915
12,6916
12,6920
12,6924
12,6925
12,6927
12,6928
12,6936
12,6938
12,6941
12,6945
12,6948
12,6954
12,6959
12,6962
12,6973
12,6974
12,6979
12,7005
12,7008
12,7035
12,7039
12,7040
12,7041
12,7042
12,7047
12,7063
12,7064
12,7068
12,7073
12,7075
12,7081
12,7086
12,7087
12,7090
12,7112
12,7122
12,7125
13,7128
13,7129
13,7130
13,7131
13,7146
13,7147
13,7152
13,7153
13,7168
13,7177
13,7181
13,7183
13,7191
13,7201
13,7206
13,7212
13,7216
13,7221
13,7229
13,7238
13,7240
13,7247
13,7249
13,7257
13,7259
13,7265
13,7267
13,7268
13,7282
13,7289
13,7295
13,7300
13,7303
13,7304
13,7312
13,7314
13,7321
13,7333
13,7337
13,7339
13,7340
13,7347
13,7350
13,7360
13,7361
13,7372
13,7374
13,7377
13,7378
13,7381
13,7382
13,7390
13,7393
13,7396
13,7406
13,7410
13,7411
13,7412
13,7419
13,7422
13,7424
13,7426
13,7437
13,7438
13,7440
13,7441
13,7477
13,7478
13,7483
13,7484
13,7504
13,7507
13,7531
13,7535
13,7540
13,7541
13,7542
13,7545
13,7556
13,7567
13,7568
13,7570
13,7582
13,7589
13,7599
13,7607
13,7610
13,7612
13,7613
13,7614
13,7627
13,7634
13,7643
13,7647
13,7649
13,7650
13,7651
13,7652
13,7659
13,7660
14,7661
14,7664
14,7665
14,7666
14,7667
14,7695
14,7701
14,7710
14,7717
14,7719
14,7726
14,7732
14,7737
14,7738
14,7743
14,7750
14,7786
14,7788
14,7807
14,7808
14,7825
14,7836
14,7846
14,7853
14,7855
14,7861
14,7865
14,7866
14,7869
14,7871
14,7874
14,7875
14,7882
14,7888
14,7889
14,7891
14,7900
14,7920
14,7922
14,7923
14,7926
14,7928
14,7933
14,7934
14,7935
14,7936
14,7945
14,7952
14,7963
14,7968
14,7975
14,7983
14,7984
14,7985
14,7989
14,7990
14,7992
14,8002
14,8020
14,8033
14,8037
14,8040
14,8063
14,8070
14,8075
14,8093
14,8120
14,8124
14,8125
14,8130
14,8134
14,8135
14,8138
14,8145
14,8151
14,8167
14,8175
14,8182
14,8184
14,8189
14,8215
14,8224
14,8225
14,8226
14,8229
14,8232
14,8249
14,8270
14,8274
14,8277
14,8284
14,8285
14,8290
14,8306
14,8319
14,8339
14,8342
14,8343
14,8344
14,8348
15,8353
15,8357
15,8359
15,8360
15,8369
15,8370
15,8374
15,8380
15,8383
15,8388
15,8389
15,8391
15,8392
15,8402
15,8420
15,8434
15,8439
15,8449
15,8451
15,8453
15,8457
15,8461
15,8475
15,8486
15,8494
15,8498
15,8508
15,8509
15,8511
15,8513
15,8514
15,8520
15,8522
15,8525
15,8526
15,8540
15,8542
15,8543
15,8552
15,8558
15,8569
15,8571
15,8572
15,8575
15,8582
15,8585
15,8588
15,8593
15,8598
15,8601
15,8615
15,8625
15,8630
15,8632
15,8645
15,8651
15,8653
15,8660
15,8679
15,8683
15,8684
15,8691
15,8695
15,8707
15,8708
15,8711
15,8723
15,8725
15,8728
15,8730
15,8731
15,8732
15,8745
15,8758
15,8761
15,8763
15,8767
15,8769
15,8777
15,8780
15,8784
15,8785
15,8786
15,8794
15,8796
15,8803
15,8812
15,8816
15,8818
15,8825
15,8826
15,8837
15,8840
15,8848
15,8849
15,8850
15,8858
15,8859
15,8867
15,8874
16,8878
16,8882
16,8885
16,8890
16,8893
16,8894
16,8899
16,8906
16,8920
16,8921
16,8922
16,8924
16,8936
16,8942
16,8945
16,8947
16,8952
16,8955
16,8969
16,8971
16,8973
16,8977
16,8980
16,8996
16,9003
16,9006
16,9017
16,9021
16,9027
16,9028
16,9031
16,9032
16,9042
16,9046
16,9048
16,9054
16,9077
16,9089
16,9090
16,9095
16,9108
16,9111
16,9129
16,9132
16,9143
16,9144
16,9147
16,9152
16,9155
16,9156
16,9158
16,9160
16,9162
16,9183
16,9193
16,9206
16,9207
16,9211
16,9215
16,9220
16,9221
16,9228
16,9229
16,9239
16,9243
16,9256
16,9262
16,9265
16,9271
16,9272
16,9288
16,9293
16,9294
16,9299
16,9300
16,9302
16,9303
16,9305
16,9312
16,9320
16,9328
16,9329
16,9331
16,9337
16,9340
16,9343
16,9352
16,9378
16,9384
16,9388
16,9389
16,9394
16,9400
16,9412
16,9427
16,9433
16,9434
16,9435
16,9439
16,9443
17,9451
17,9455
17,9458
17,9473
17,9475
17,9483
17,9485
17,9486
17,9488
17,9501
17,9503
17,9510
17,9514
17,9516
17,9523
17,9527
17,9528
17,9551
17,9562
17,9565
17,9572
17,9578
17,9589
17,9604
17,9611
17,9616
17,9618
17,9625
17,9631
17,9636
17,9639
17,9658
17,9661
17,9667
17,9671
17,9674
17,9679
17,9680
17,9689
17,9727
17,9728
17,9736
17,9737
17,9743
17,9744
17,9753
17,9761
17,9762
17,9767
17,9768
17,9770
17,9772
17,9778
17,9785
17,9786
17,9795
17,9802
17,9804
17,9810
17,9812
17,9815
17,9817
17,9820
17,9821
17,9822
17,9825
17,9826
17,9839
17,9840
17,9841
17,9851
17,9866
17,9867
17,9872
17,9874
17,9875
17,9879
17,9886
17,9888
17,9891
17,9892
17,9895
17,9906
17,9922
17,9923
17,9924
17,9932
17,9941
17,9944
17,9947
17,9961
17,9964
17,9967
17,9969
17,9974
17,9976
17,9983
17,9984
17,9985
17,9988
18,10002
18,10003
18,10004
18,10024
18,10025
18,10031
18,10041
18,10042
18,10049
18,10062
18,10068
18,10069
18,10081
18,10082
18,10089
18,10091
18,10101
18,10109
18,10118
18,10121
18,10123
18,10136
18,10137
18,10144
18,10146
18,10151
18,10167
18,10176
18,10183
18,10189
18,10195
18,10201
18,10205
18,10210
18,10211
18,10226
18,10232
18,10234
18,10240
18,10261
18,10264
18,10276
18,10283
18,10291
18,10292
18,10307
18,10313
18,10314
18,10317
18,10322
18,10328
18,10336
18,10341
18,10342
18,10352
18,10366
18,10368
18,10369
18,10371
18,10382
18,10386
18,10388
18,10403
18,10404
18,10409
18,10410
18,10413
18,10423
18,10451
18,10452
18,10465
18,10472
18,10473
18,10479
18,10488
18,10495
18,10499
18,10516
18,10520
18,10521
18,10537
18,10541
18,10550
18,10555
18,10563
18,10566
18,10570
18,10584
18,10588
18,10589
18,10597
18,10598
18,10601
18,10608
18,10616
18,10624
18,10629
18,10635
18,10639
18,10656
19,10665
19,10666
19,10688
19,10697
19,10701
19,10706
19,10707
19,10708
19,10716
19,10720
19,10726
19,10734
19,10735
19,10736
19,10743
19,10755
19,10756
19,10770
19,10771
19,10772
19,10783
19,10785
19,10787
19,10790
19,10791
19,10793
19,10798
19,10804
19,10808
19,10810
19,10813
19,10816
19,10821
19,10828
19,10836
19,10837
19,10864
19,10865
19,10867
19,10873
19,10875
19,10887
19,10899
19,10903
19,10904
19,10906
19,10925
19,10934
19,10942
19,10943
19,10954
19,10960
19,10988
19,10994
19,11007
19,11018
19,11021
19,11036
19,11068
19,11078
19,11079
19,11087
19,11091
19,11103
19,11106
19,11111
19,11115
19,11116
19,11117
19,11119
19,11126
19,11127
19,11130
19,11134
19,11140
19,11153
19,11154
19,11166
19,11174
19,11175
19,11181
19,11187
19,11195
19,11196
19,11228
19,11230
19,11231
19,11244
19,11250
19,11254
19,11269
19,11279
19,11290
19,11296
19,11307
19,11308
19,11333
19,11337
19,11346
19,11366
20,11385
20,11386
20,11387
20,11397
20,11399
20,11405
20,11422
20,11426
20,11434
20,11444
20,11446
20,11456
20,11460
20,11465
20,11471
20,11475
20,11476
20,11477
20,11483
20,11484
20,11488
20,11489
20,11498
20,11501
20,11502
20,11503
20,11517
20,11526
20,11530
20,11542
20,11552
20,11554
20,11558
20,11563
20,11565
20,11573
20,11580
20,11585
20,11590
20,11597
20,11605
20,11606
20,11608
20,11652
20,11663
20,11664
20,11666
20,11668
20,11675
20,11676
20,11701
20,11703
20,11716
20,11723
20,11734
20,11750
20,11763
20,11784
20,11802
20,11808
20,11810
20,11814
20,11815
20,11816
20,11817
20,11827
20,11830
20,11843
20,11845
20,11847
20,11861
20,11863
20,11864
20,11868
20,11869
20,11874
20,11880
20,11888
20,11890
20,11891
20,11893
20,11896
20,11900
20,11901
20,11902
20,11905
20,11913
20,11919
20,11926
20,11944
20,11947
20,11955
20,11961
20,11962
20,11964
20,11973
20,11975
20,11977
20,11990
20,11992
21,11998
21,12000
21,12015
21,12019
21,12020
21,12030
21,12031
21,12033
21,12038
21,12044
21,12045
21,12047
21,12059
21,12066
21,12069
21,12070
21,12071
21,12073
21,12075
21,12083
21,12090
21,12092
21,12102
21,12103
21,12115
21,12120
21,12127
21,12128
21,12129
21,12131
21,12133
21,12139
21,12150
21,12166
21,12167
21,12169
21,12173
21,12174
21,12177
21,12183
21,12195
21,12202
21,12205
21,12212
21,12215
21,12220
21,12228
21,12229
21,12231
21,12232
21,12240
21,12245
21,12251
21,12252
21,12253
21,12255
21,12257
21,12259
21,12266
21,12267
21,12268
21,12274
21,12283
21,12293
21,12297
21,12298
21,12301
21,12307
21,12324
21,12348
21,12358
21,12371
21,12378
21,12379
21,12392
21,12395
21,12398
21,12401
21,12407
21,12411
21,12421
21,12430
21,12434
21,12436
21,12445
21,12454
21,12471
21,12483
21,12485
21,12491
21,12492
21,12494
21,12501
21,12504
21,12525
21,12534
21,12536
21,12537
21,12544
21,12565
22,12566
22,12570
22,12574
22,12575
22,12576
22,12580
22,12581
22,12585
22,12593
22,12598
22,12599
22,12606
22,12607
22,12613
22,12616
22,12619
22,12627
22,12631
22,12634
22,12636
22,12644
22,12645
22,12646
22,12651
22,12652
22,12653
22,12667
22,12668
22,12671
22,12675
22,12676
22,12680
22,12692
22,12696
22,12704
22,12707
22,12711
22,12712
22,12717
22,12728
22,12730
22,12734
22,12739
22,12758
22,12762
22,12763
22,12764
22,12765
22,12773
22,12775
22,12777
22,12786
22,12792
22,12798
22,12800
22,12806
22,12821
22,12827
22,12836
22,12843
22,12845
22,12849
22,12851
22,12857
22,12859
22,12865
22,12866
22,12868
22,12869
22,12871
22,12877
22,12879
22,12880
22,12881
22,12889
22,12895
22,12915
22,12934
22,12938
22,12946
22,12954
22,12960
22,12961
22,12967
22,12972
22,12977
22,12992
22,13003
22,13010
22,13012
22,13018
22,13043
22,13044
22,13065
22,13072
22,13089
22,13095
22,13100
22,13107
22,13119
23,13128
23,13129
23,13134
23,13139
23,13147
23,13159
23,13171
23,13181
23,13182
23,13183
23,13185
23,13192
23,13197
23,13208
23,13215
23,13220
23,13227
23,13243
23,13246
23,13251
23,13254
23,13258
23,13267
23,13275
23,13276
23,13282
23,13287
23,13289
23,13290
23,13294
23,13295
23,13304
23,13308
23,13312
23,13313
23,13315
23,13316
23,13318
23,13324
23,13332
23,13347
23,13348
23,13366
23,13369
23,13370
23,13371
23,13374
23,13377
23,13408
23,13412
23,13419
23,13424
23,13430
23,13431
23,13435
23,13445
23,13447
23,13450
23,13464
23,13469
23,13471
23,13481
23,13482
23,13503
23,13511
23,13516
23,13522
23,13525
23,13535
23,13548
23,13549
23,13550
23,13551
23,13552
23,13565
23,13567
23,13571
23,13573
23,13577
23,13590
23,13595
23,13598
23,13605
23,13608
23,13622
23,13628
23,13630
23,13633
23,13638
23,13645
23,13646
23,13653
23,13654
23,13663
23,13664
23,13676
23,13680
23,13682
23,13683
23,13687
24,13698
24,13705
24,13706
24,13709
24,13740
24,13742
24,13744
24,13760
24,13762
24,13766
24,13775
24,13777
24,13781
24,13784
24,13785
24,13787
24,13789
24,13794
24,13801
24,13804
24,13818
24,13819
24,13822
24,13823
24,13829
24,13836
24,13859
24,13864
24,13872
24,13875
24,13877
24,13888
24,13892
24,13894
24,13898
24,13903
24,13905
24,13913
24,13914
24,13919
24,13926
24,13930
24,13933
24,13940
24,13941
24,13942
24,13947
24,13948
24,13956
24,13957
24,13965
24,13968
24,13973
24,13977
24,13999
24,14008
24,14020
24,14021
24,14024
24,14026
24,14034
24,14043
24,14045
24,14047
24,14049
24,14052
24,14055
24,14058
24,14062
24,14066
24,14101
24,14107
24,14121
24,14123
24,14145
24,14153
24,14172
24,14184
24,14190
24,14193
24,14194
24,14195
24,14213
24,14220
24,14222
24,14237
24,14244
24,14248
24,14249
24,14251
24,14257
24,14260
24,14275
24,14276
24,14284
24,14299
24,14300
24,14314
24,14321
24,14341
25,14381
25,14383
25,14384
25,14398
25,14405
25,14409
25,14411
25,14425
25,14429
25,14433
25,14434
25,14436
25,14447
25,14455
25,14459
25,14469
25,14488
25,14499
25,14505
25,14507
25,14510
25,14518
25,14519
25,14537
25,14547
25,14549
25,14550
25,14554
25,14556
25,14562
25,14567
25,14572
25,14578
25,14579
25,14584
25,14586
25,14587
25,14592
25,14600
25,14615
25,14618
25,14619
25,14623
25,14624
25,14626
25,14642
25,14651
25,14656
25,14658
25,14659
25,14663
25,14666
25,14678
25,14684
25,14685
25,14700
25,14702
25,14705
25,14707
25,14709
25,14729
25,14734
25,14743
25,14752
25,14756
25,14758
25,14770
25,14774
25,14778
25,14779
25,14783
25,14784
25,14789
25,14798
25,14812
25,14824
25,14825
25,14826
25,14839
25,14840
25,14841
25,14844
25,14849
25,14855
25,14856
25,14872
25,14873
25,14874
25,14878
25,14879
25,14886
25,14895
25,14899
25,14900
25,14917
25,14927
25,14935
25,14949
25,14950
25,14951
26,14956
26,14960
26,14974
26,14995
26,14996
26,15003
26,15010
26,15026
26,15028
26,15044
26,15054
26,15056
26,15057
26,15061
26,15067
26,15086
26,15113
26,15130
26,15131
26,15133
26,15141
26,15149
26,15155
26,15168
26,15182
26,15193
26,15199
26,15207
26,15211
26,15216
26,15236
26,15238
26,15260
26,15267
26,15270
26,15278
26,15279
26,15286
26,15291
26,15294
26,15300
26,15307
26,15310
26,15312
26,15313
26,15318
26,15322
26,15330
26,15335
26,15337
26,15338
26,15354
26,15361
26,15368
26,15371
26,15372
26,15375
26,15388
26,15389
26,15391
26,15399
26,15401
26,15405
26,15426
26,15428
26,15439
26,15445
26,15479
26,15498
26,15510
26,15521
26,15526
26,15538
26,15555
26,15556
26,15557
26,15560
26,15563
26,15564
26,15595
26,15614
26,15631
26,15636
26,15645
26,15649
26,15657
26,15662
26,15663
26,15668
26,15670
26,15679
26,15680
26,15691
26,15692
26,15696
26,15697
26,15711
26,15712
26,15722
26,15725
27,15730
27,15737
27,15739
27,15750
27,15751
27,15754
27,15755
27,15783
27,15786
27,15791
27,15795
27,15802
27,15813
27,15814
27,15819
27,15821
27,15831
27,15840
27,15841
27,15846
27,15847
27,15850
27,15862
27,15868
27,15869
27,15883
27,15889
27,15898
27,15905
27,15906
27,15918
27,15933
27,15936
27,15941
27,15944
27,15953
27,15958
27,15960
27,15978
27,15989
27,15997
27,16002
27,16004
27,16018
27,16021
27,16027
27,16030
27,16035
27,16039
27,16042
27,16045
27,16048
27,16052
27,16055
27,16056
27,16067
27,16076
27,16078
27,16080
27,16093
27,16095
27,16114
27,16118
27,16132
27,16134
27,16146
27,16147
27,16153
27,16157
27,16176
27,16192
27,16209
27,16210
27,16213
27,16216
27,16218
27,16239
27,16250
27,16257
27,16258
27,16263
27,16279
27,16284
27,16300
27,16308
27,16313
27,16316
27,16335
27,16343
27,16345
27,16350
27,16360
27,16361
27,16365
27,16369
27,16371
27,16390
27,16393
27,16399
27,16403
28,16413
28,16428
28,16432
28,16439
28,16443
28,16450
28,16458
28,16461
28,16465
28,16472
28,16475
28,16478
28,16507
28,16509
28,16513
28,16527
28,16530
28,16537
28,16541
28,16542
28,16544
28,16569
28,16574
28,16575
28,16577
28,16586
28,16588
28,16600
28,16613
28,16620
28,16624
28,16627
28,16630
28,16633
28,16643
28,16644
28,16666
28,16667
28,16671
28,16677
28,16678
28,16680
28,16703
28,16708
28,16717
28,16718
28,16721
28,16725
28,16728
28,16730
28,16743
28,16745
28,16746
28,16752
28,16761
28,16765
28,16775
28,16790
28,16791
28,16792
28,16801
28,16811
28,16812
28,16822
28,16830
28,16842
28,16867
28,16878
28,16885
28,16887
28,16889
28,16893
28,16894
28,16895
28,16901
28,16920
28,16950
28,16951
28,16957
28,16958
28,16978
28,16979
28,16983
28,16984
28,16986
28,17025
28,17030
28,17033
28,17040
28,17044
28,17050
28,17051
28,17059
28,17070
28,17075
28,17079
28,17097
28,17102
28,17103
28,17146
29,17150
29,17156
29,17158
29,17170
29,17181
29,17187
29,17188
29,17192
29,17217
29,17223
29,17229
29,17230
29,17252
29,17256
29,17257
29,17259
29,17261
29,17288
29,17291
29,17299
29,17303
29,17307
29,17315
29,17316
29,17321
29,17341
29,17345
29,17356
29,17357
29,17358
29,17369
29,17372
29,17379
29,17380
29,17381
29,17393
29,17395
29,17407
29,17414
29,17415
29,17416
29,17420
29,17421
29,17431
29,17449
29,17453
29,17455
29,17459
29,17464
29,17473
29,17490
29,17506
29,17513
29,17520
29,17535
29,17541
29,17544
29,17552
29,17564
29,17566
29,17572
29,17579
29,17580
29,17584
29,17585
29,17589
29,17590
29,17592
29,17594
29,17597
29,17633
29,17642
29,17645
29,17656
29,17667
29,17669
29,17670
29,17682
29,17683
29,17684
29,17705
29,17707
29,17712
29,17717
29,17718
29,17720
29,17728
29,17729
29,17733
29,17745
29,17749
29,17752
29,17765
29,17766
29,17769
29,17773
29,17774
29,17782
29,17795
29,17801
30,17810
30,17813
30,17829
30,17832
30,17833
30,17845
30,17848
30,17849
30,17856
30,17866
30,17869
30,17880
30,17886
30,17900
30,17902
30,17909
30,17910
30,17925
30,17930
30,17931
30,17948
30,17949
30,17963
30,17964
30,17972
30,17973
30,17984
30,18002
30,18003
30,18005
30,18013
30,18041
30,18060
30,18070
30,18090
30,18100
30,18104
30,18107
30,18110
30,18125
30,18130
30,18132
30,18140
30,18143
30,18157
30,18159
30,18161
30,18191
30,18194
30,18199
30,18205
30,18206
30,18207
30,18209
30,18217
30,18232
30,18233
30,18236
30,18240
30,18243
30,18244
30,18249
30,18254
30,18255
30,18256
30,18260
30,18268
30,18269
30,18277
30,18280
30,18281
30,18284
30,18285
30,18295
30,18298
30,18308
30,18313
30,18315
30,18318
30,18322
30,18325
30,18336
30,18345
30,18367
30,18382
30,18388
30,18406
30,18411
30,18415
30,18431
30,18450
30,18451
30,18454
30,18468
30,18469
30,18472
30,18473
30,18474
30,18477
30,18483
31,18492
31,18494
31,18503
31,18529
31,18530
31,18541
31,18542
31,18545
31,18546
31,18571
31,18581
31,18586
31,18615
31,18638
31,18650
31,18657
31,18661
31,18678
31,18679
31,18688
31,18690
31,18702
31,18707
31,18710
31,18717
31,18724
31,18727
31,18756
31,18758
31,18759
31,18767
31,18773
31,18776
31,18779
31,18782
31,18806
31,18814
31,18824
31,18827
31,18828
31,18829
31,18830
31,18833
31,18855
31,18858
31,18865
31,18866
31,18869
31,18879
31,18883
31,18886
31,18888
31,18889
31,18916
31,18917
31,18918
31,18932
31,18944
31,18947
31,18951
31,18955
31,18963
31,18968
31,18971
31,18987
31,18988
31,18998
31,18999
31,19003
31,19011
31,19023
31,19036
31,19037
31,19041
31,19042
31,19043
31,19057
31,19075
31,19076
31,19078
31,19082
31,19091
31,19098
31,19100
31,19103
31,19107
31,19108
31,19110
31,19113
31,19115
31,19120
31,19124
31,19136
31,19142
31,19145
31,19160
31,19161
31,19162
31,19180
31,19189
32,19199
32,19228
32,19229
32,19238
32,19240
32,19243
32,19267
32,19271
32,19274
32,19276
32,19277
32,19285
32,19286
32,19287
32,19289
32,19290
32,19293
32,19310
32,19324
32,19326
32,19329
32,19330
32,19331
32,19335
32,19346
32,19347
32,19369
32,19370
32,19380
32,19381
32,19387
32,19390
32,19399
32,19403
32,19405
32,19417
32,19419
32,19427
32,19444
32,19446
32,19447
32,19470
32,19471
32,19489
32,19495
32,19496
32,19498
32,19513
32,19514
32,19532
32,19542
32,19545
32,19549
32,19572
32,19574
32,19578
32,19581
32,19584
32,19591
32,19608
32,19609
32,19622
32,19626
32,19630
32,19637
32,19645
32,19648
32,19650
32,19658
32,19662
32,19673
32,19674
32,19678
32,19680
32,19683
32,19689
32,19712
32,19717
32,19720
32,19738
32,19745
32,19748
32,19762
32,19766
32,19767
32,19777
32,19780
32,19781
32,19793
32,19800
32,19803
32,19812
32,19813
32,19827
32,19836
32,19839
32,19842
32,19855
32,19863
32,19872
33,19889
33,19893
33,19906
33,19919
33,19945
33,19950
33,19960
33,19969
33,19970
33,19995
33,19996
33,20004
33,20006
33,20011
33,20014
33,20017
33,20035
33,20049
33,20074
33,20077
33,20079
33,20085
33,20106
33,20112
33,20122
33,20124
33,20128
33,20140
33,20152
33,20168
33,20176
33,20189
33,20190
33,20195
33,20201
33,20221
33,20222
33,20227
33,20235
33,20251
33,20284
33,20295
33,20301
33,20333
33,20339
33,20345
33,20364
33,20371
33,20377
33,20385
33,20386
33,20387
33,20409
33,20428
33,20450
33,20453
33,20455
33,20483
33,20493
33,20498
33,20509
33,20510
33,20518
33,20523
33,20527
33,20533
33,20573
33,20576
33,20586
33,20595
33,20596
33,20605
33,20614
33,20618
33,20630
33,20634
33,20635
33,20665
33,20667
33,20672
33,20685
33,20707
33,20723
33,20724
33,20730
33,20737
33,20745
33,20746
33,20752
33,20753
33,20754
33,20755
33,20757
33,20761
33,20766
33,20773
33,20776
33,20800
33,20807
33,20813
34,20816
34,20817
34,20819
34,20844
34,20859
34,20863
34,20864
34,20867
34,20871
34,20872
34,20886
34,20887
34,20900
34,20905
34,20908
34,20940
34,20956
34,20957
34,20958
34,20967
34,20968
34,20973
34,20977
34,20978
34,20985
34,20993
34,21000
34,21014
34,21024
34,21025
34,21042
34,21058
34,21066
34,21075
34,21085
34,21094
34,21096
34,21098
34,21109
34,21129
34,21145
34,21147
34,21166
34,21167
34,21178
34,21206
34,21210
34,21212
34,21215
34,21224
34,21225
34,21237
34,21241
34,21243
34,21252
34,21269
34,21273
34,21282
34,21288
34,21289
34,21293
34,21314
34,21319
34,21329
34,21331
34,21339
34,21341
34,21347
34,21357
34,21362
34,21364
34,21370
34,21373
34,21376
34,21384
34,21390
34,21408
34,21414
34,21439
34,21455
34,21480
34,21481
34,21483
34,21484
34,21491
34,21492
34,21497
34,21510
34,21522
34,21525
34,21530
34,21552
34,21562
34,21564
34,21591
34,21594
34,21600
34,21610
34,21632
34,21633
35,21647
35,21655
35,21661
35,21668
35,21680
35,21694
35,21695
35,21707
35,21718
35,21727
35,21741
35,21742
35,21765
35,21776
35,21777
35,21790
35,21803
35,21816
35,21822
35,21840
35,21851
35,21852
35,21853
35,21857
35,21860
35,21872
35,21893
35,21927
35,21928
35,21937
35,21942
35,21948
35,21956
35,21964
35,21967
35,21971
35,21972
35,21986
35,22000
35,22043
35,22051
35,22052
35,22057
35,22058
35,22062
35,22063
35,22066
35,22067
35,22068
35,22072
35,22074
35,22079
35,22083
35,22084
35,22086
35,22090
35,22091
35,22097
35,22100
35,22103
35,22104
35,22106
35,22116
35,22119
35,22123
35,22131
35,22133
35,22140
35,22142
35,22143
35,22156
35,22168
35,22183
35,22211
35,22215
35,22216
35,22225
35,22242
35,22246
35,22247
35,22248
35,22249
35,22254
35,22272
35,22277
35,22296
35,22302
35,22304
35,22316
35,22318
35,22319
35,22324
35,22325
35,22337
35,22339
35,22344
35,22360
35,22369
35,22376
35,22394
36,22398
36,22406
36,22409
36,22421
36,22427
36,22439
36,22443
36,22451
36,22462
36,22463
36,22465
36,22478
36,22479
36,22484
36,22489
36,22493
36,22511
36,22515
36,22525
36,22553
36,22559
36,22561
36,22562
36,22564
36,22574
36,22580
36,22594
36,22596
36,22606
36,22618
36,22619
36,22621
36,22622
36,22623
36,22631
36,22638
36,22685
36,22694
36,22702
36,22719
36,22724
36,22726
36,22740
36,22741
36,22766
36,22771
36,22776
36,22783
36,22786
36,22797
36,22807
36,22815
36,22822
36,22824
36,22834
36,22835
36,22839
36,22860
36,22861
36,22865
36,22876
36,22881
36,22886
36,22897
36,22900
36,22903
36,22905
36,22919
36,22923
36,22927
36,22942
36,22943
36,22944
36,22950
36,22951
36,22956
36,22957
36,22962
36,22964
36,22970
36,22973
36,22974
36,22977
36,22983
36,23012
36,23026
36,23032
36,23034
36,23055
36,23056
36,23075
36,23091
36,23093
36,23095
36,23096
36,23102
36,23112
36,23116
36,23117
36,23131
37,23135
37,23138
37,23144
37,23164
37,23171
37,23181
37,23207
37,23232
37,23234
37,23247
37,23254
37,23260
37,23265
37,23268
37,23273
37,23278
37,23289
37,23294
37,23325
37,23328
37,23329
37,23332
37,23343
37,23344
37,23355
37,23377
37,23388
37,23404
37,23405
37,23408
37,23420
37,23427
37,23446
37,23448
37,23452
37,23474
37,23481
37,23484
37,23488
37,23491
37,23495
37,23508
37,23526
37,23544
37,23546
37,23551
37,23557
37,23567
37,23590
37,23600
37,23604
37,23619
37,23621
37,23631
37,23650
37,23653
37,23665
37,23671
37,23689
37,23712
37,23724
37,23737
37,23740
37,23744
37,23748
37,23752
37,23757
37,23759
37,23764
37,23786
37,23803
37,23806
37,23810
37,23813
37,23819
37,23822
37,23839
37,23840
37,23849
37,23851
37,23856
37,23859
37,23871
37,23874
37,23881
37,23882
37,23883
37,23886
37,23909
37,23915
37,23921
37,23932
37,23937
37,23951
37,23952
37,23954
37,23972
37,23996
37,24013
37,24014
38,24019
38,24027
38,24038
38,24039
38,24042
38,24052
38,24053
38,24064
38,24066
38,24069
38,24086
38,24101
38,24103
38,24110
38,24115
38,24121
38,24133
38,24136
38,24141
38,24151
38,24154
38,24164
38,24167
38,24185
38,24192
38,24193
38,24204
38,24208
38,24214
38,24234
38,24246
38,24255
38,24265
38,24274
38,24290
38,24293
38,24304
38,24305
38,24331
38,24358
38,24361
38,24365
38,24368
38,24369
38,24417
38,24418
38,24427
38,24433
38,24455
38,24456
38,24460
38,24462
38,24468
38,24474
38,24484
38,24510
38,24519
38,24541
38,24544
38,24548
38,24561
38,24562
38,24569
38,24572
38,24578
38,24584
38,24588
38,24591
38,24592
38,24595
38,24596
38,24599
38,24608
38,24610
38,24612
38,24621
38,24653
38,24658
38,24662
38,24663
38,24682
38,24700
38,24706
38,24710
38,24713
38,24731
38,24744
38,24753
38,24768
38,24772
38,24782
38,24783
38,24788
38,24797
38,24799
38,24823
38,24827
38,24832
38,24836
38,24880
39,24890
39,24891
39,24893
39,24901
39,24902
39,24912
39,24913
39,24936
39,24954
39,24955
39,24960
39,25001
39,25008
39,25014
39,25029
39,25031
39,25038
39,25039
39,25048
39,25067
39,25080
39,25081
39,25096
39,25121
39,25123
39,25125
39,25126
39,25132
39,25141
39,25148
39,25170
39,25175
39,25176
39,25193
39,25195
39,25219
39,25221
39,25229
39,25236
39,25242
39,25250
39,25254
39,25264
39,25286
39,25289
39,25298
39,25313
39,25317
39,25319
39,25320
39,25322
39,25339
39,25348
39,25354
39,25357
39,25382
39,25386
39,25392
39,25404
39,25406
39,25409
39,25411
39,25414
39,25415
39,25417
39,25425
39,25429
39,25434
39,25454
39,25456
39,25457
39,25458
39,25461
39,25465
39,25474
39,25485
39,25493
39,25511
39,25514
39,25523
39,25524
39,25529
39,25557
39,25560
39,25582
39,25598
39,25621
39,25622
39,25630
39,25653
39,25657
39,25665
39,25684
39,25686
39,25698
39,25705
39,25722
39,25741
39,25750
39,25763
40,25764
40,25782
40,25783
40,25794
40,25803
40,25806
40,25822
40,25823
40,25835
40,25841
40,25852
40,25858
40,25859
40,25860
40,25868
40,25870
40,25884
40,25887
40,25890
40,25893
40,25911
40,25934
40,25946
40,25955
40,25972
40,25994
40,26033
40,26036
40,26055
40,26065
40,26067
40,26076
40,26078
40,26081
40,26085
40,26086
40,26087
40,26094
40,26097
40,26098
40,26104
40,26142
40,26143
40,26159
40,26164
40,26165
40,26166
40,26170
40,26176
40,26181
40,26188
40,26202
40,26212
40,26222
40,26224
40,26229
40,26231
40,26236
40,26238
40,26239
40,26261
40,26280
40,26294
40,26317
40,26338
40,26339
40,26345
40,26364
40,26374
40,26396
40,26404
40,26410
40,26411
40,26415
40,26417
40,26419
40,26427
40,26429
40,26431
40,26443
40,26464
40,26466
40,26470
40,26480
40,26483
40,26484
40,26502
40,26516
40,26518
40,26534
40,26535
40,26536
40,26540
40,26545
40,26552
40,26558
40,26576
40,26585
40,26593
40,26598
41,26600
41,26620
41,26621
41,26622
41,26632
41,26633
41,26635
41,26644
41,26647
41,26651
41,26660
41,26672
41,26673
41,26674
41,26685
41,26687
41,26690
41,26700
41,26723
41,26734
41,26753
41,26761
41,26788
41,26817
41,26823
41,26826
41,26828
41,26832
41,26853
41,26903
41,26907
41,26912
41,26921
41,26925
41,26931
41,26932
41,26937
41,26951
41,26952
41,26958
41,26962
41,26965
41,26971
41,26979
41,26994
41,26995
41,27000
41,27001
41,27004
41,27007
41,27018
41,27023
41,27025
41,27029
41,27030
41,27039
41,27040
41,27042
41,27045
41,27049
41,27050
41,27058
41,27064
41,27069
41,27108
41,27109
41,27120
41,27146
41,27154
41,27166
41,27167
41,27171
41,27173
41,27184
41,27221
41,27236
41,27238
41,27246
41,27253
41,27259
41,27260
41,27263
41,27270
41,27272
41,27283
41,27284
41,27294
41,27298
41,27335
41,27341
41,27342
41,27348
41,27349
41,27366
41,27388
41,27390
41,27397
41,27406
41,27412
41,27413
42,27435
42,27440
42,27444
42,27445
42,27447
42,27456
42,27458
42,27479
42,27480
42,27485
42,27494
42,27501
42,27502
42,27503
42,27506
42,27527
42,27529
42,27530
42,27531
42,27539
42,27545
42,27554
42,27577
42,27578
42,27585
42,27586
42,27590
42,27591
42,27596
42,27597
42,27599
42,27615
42,27619
42,27620
42,27637
42,27641
42,27650
42,27651
42,27667
42,27668
42,27678
42,27681
42,27684
42,27689
42,27697
42,27706
42,27724
42,27734
42,27735
42,27744
42,27745
42,27761
42,27762
42,27777
42,27797
42,27811
42,27817
42,27820
42,27833
42,27836
42,27837
42,27844
42,27845
42,27849
42,27850
42,27870
42,27875
42,27877
42,27883
42,27888
42,27891
42,27901
42,27914
42,27916
42,27918
42,27923
42,27930
42,27931
42,27932
42,27938
42,27945
42,27964
42,27982
42,27990
42,28011
42,28014
42,28032
42,28034
42,28040
42,28061
42,28069
42,28072
42,28076
42,28078
42,28079
42,28092
42,28111
42,28112
42,28120
42,28126
43,28138
43,28140
43,28156
43,28171
43,28176
43,28184
43,28201
43,28207
43,28211
43,28227
43,28244
43,28250
43,28260
43,28264
43,28273
43,28283
43,28284
43,28293
43,28301
43,28302
43,28303
43,28307
43,28316
43,28326
43,28339
43,28351
43,28352
43,28375
43,28380
43,28384
43,28414
43,28422
43,28427
43,28436
43,28437
43,28442
43,28443
43,28446
43,28447
43,28448
43,28454
43,28458
43,28460
43,28467
43,28469
43,28477
43,28483
43,28487
43,28488
43,28509
43,28510
43,28521
43,28536
43,28542
43,28549
43,28550
43,28552
43,28555
43,28562
43,28571
43,28574
43,28589
43,28591
43,28592
43,28615
43,28618
43,28624
43,28632
43,28651
43,28653
43,28657
43,28691
43,28712
43,28721
43,28723
43,28759
43,28763
43,28771
43,28779
43,28783
43,28785
43,28790
43,28797
43,28802
43,28808
43,28812
43,28826
43,28846
43,28850
43,28857
43,28867
43,28868
43,28881
43,28890
43,28895
43,28901
43,28903
43,28906
43,28917
43,28931
44,28947
44,28954
44,28979
44,28989
44,28999
44,29008
44,29021
44,29042
44,29046
44,29050
44,29053
44,29063
44,29064
44,29067
44,29097
44,29100
44,29111
44,29115
44,29116
44,29121
44,29124
44,29142
44,29144
44,29150
44,29154
44,29159
44,29169
44,29176
44,29177
44,29194
44,29201
44,29204
44,29229
44,29239
44,29240
44,29241
44,29245
44,29266
44,29274
44,29276
44,29279
44,29287
44,29292
44,29300
44,29303
44,29308
44,29309
44,29315
44,29324
44,29325
44,29343
44,29344
44,29355
44,29358
44,29359
44,29361
44,29366
44,29369
44,29370
44,29382
44,29400
44,29407
44,29414
44,29417
44,29423
44,29449
44,29451
44,29452
44,29453
44,29454
44,29463
44,29472
44,29478
44,29505
44,29509
44,29510
44,29516
44,29517
44,29521
44,29528
44,29539
44,29540
44,29557
44,29558
44,29567
44,29574
44,29587
44,29589
44,29597
44,29602
44,29610
44,29611
44,29620
44,29625
44,29629
44,29637
44,29644
44,29654
44,29660
44,29661
45,29672
45,29706
45,29713
45,29714
45,29740
45,29746
45,29756
45,29762
45,29765
45,29782
45,29783
45,29789
45,29804
45,29810
45,29811
45,29815
45,29821
45,29831
45,29841
45,29856
45,29857
45,29866
45,29872
45,29879
45,29891
45,29894
45,29896
45,29915
45,29929
45,29942
45,29979
45,29992
45,29997
45,30003
45,30006
45,30010
45,30020
45,30037
45,30041
45,30050
45,30064
45,30096
45,30100
45,30121
45,30142
45,30146
45,30154
45,30157
45,30163
45,30168
45,30185
45,30206
45,30212
45,30213
45,30220
45,30230
45,30235
45,30238
45,30239
45,30242
45,30265
45,30266
45,30269
45,30280
45,30295
45,30316
45,30319
45,30344
45,30351
45,30369
45,30398
45,30401
45,30426
45,30427
45,30434
45,30435
45,30440
45,30455
45,30462
45,30488
45,30490
45,30499
45,30500
45,30502
45,30518
45,30519
45,30522
45,30535
45,30537
45,30566
45,30582
45,30603
45,30604
45,30607
45,30617
45,30627
45,30637
45,30675
45,30692
45,30707
46,30716
46,30722
46,30728
46,30738
46,30739
46,30744
46,30757
46,30768
46,30782
46,30789
46,30802
46,30807
46,30809
46,30819
46,30825
46,30829
46,30836
46,30837
46,30843
46,30848
46,30849
46,30855
46,30869
46,30875
46,30883
46,30893
46,30896
46,30902
46,30909
46,30914
46,30918
46,30928
46,30932
46,30938
46,30986
46,31001
46,31010
46,31013
46,31017
46,31037
46,31041
46,31043
46,31044
46,31062
46,31063
46,31064
46,31076
46,31086
46,31109
46,31110
46,31118
46,31120
46,31149
46,31169
46,31175
46,31192
46,31196
46,31200
46,31208
46,31231
46,31235
46,31239
46,31240
46,31243
46,31258
46,31297
46,31300
46,31327
46,31334
46,31335
46,31341
46,31348
46,31360
46,31370
46,31385
46,31387
46,31392
46,31393
46,31411
46,31413
46,31422
46,31423
46,31442
46,31459
46,31466
46,31483
46,31489
46,31496
46,31523
46,31540
46,31541
46,31544
46,31545
46,31554
46,31567
46,31586
46,31593
46,31598
46,31603
46,31614
47,31617
47,31621
47,31625
47,31627
47,31637
47,31642
47,31643
47,31652
47,31663
47,31673
47,31675
47,31677
47,31687
47,31696
47,31698
47,31702
47,31713
47,31730
47,31733
47,31734
47,31735
47,31742
47,31746
47,31754
47,31784
47,31789
47,31795
47,31805
47,31811
47,31815
47,31844
47,31861
47,31876
47,31885
47,31924
47,31925
47,31930
47,31934
47,31937
47,31941
47,31945
47,31965
47,31973
47,31997
47,31998
47,32020
47,32021
47,32061
47,32073
47,32084
47,32085
47,32086
47,32091
47,32099
47,32100
47,32111
47,32112
47,32115
47,32126
47,32133
47,32134
47,32144
47,32145
47,32148
47,32154
47,32165
47,32190
47,32191
47,32192
47,32198
47,32202
47,32204
47,32205
47,32214
47,32233
47,32266
47,32267
47,32274
47,32275
47,32276
47,32277
47,32313
47,32314
47,32319
47,32326
47,32328
47,32329
47,32360
47,32380
47,32393
47,32414
47,32419
47,32438
47,32457
47,32458
47,32463
47,32517
47,32523
47,32540
47,32549
48,32566
48,32577
48,32580
48,32581
48,32585
48,32593
48,32601
48,32604
48,32612
48,32638
48,32639
48,32642
48,32662
48,32663
48,32676
48,32683
48,32711
48,32712
48,32741
48,32769
48,32771
48,32818
48,32855
48,32860
48,32886
48,32888
48,32915
48,32937
48,32973
48,32978
48,32983
48,32996
48,33000
48,33002
48,33011
48,33013
48,33015
48,33021
48,33023
48,33060
48,33070
48,33085
48,33086
48,33100
48,33144
48,33177
48,33185
48,33189
48,33222
48,33228
48,33234
48,33264
48,33266
48,33273
48,33278
48,33281
48,33285
48,33291
48,33303
48,33320
48,33323
48,33334
48,33337
48,33341
48,33348
48,33352
48,33369
48,33391
48,33404
48,33413
48,33418
48,33434
48,33440
48,33441
48,33450
48,33455
48,33457
48,33485
48,33492
48,33494
48,33495
48,33532
48,33535
48,33536
48,33550
48,33556
48,33566
48,33574
48,33598
48,33608
48,33614
48,33620
48,33632
48,33643
48,33654
48,33657
48,33684
48,33689
48,33697
48,33699
49,33703
49,33708
49,33709
49,33716
49,33723
49,33743
49,33762
49,33766
49,33778
49,33787
49,33800
49,33801
49,33805
49,33807
49,33808
49,33824
49,33833
49,33844
49,33845
49,33858
49,33868
49,33871
49,33880
49,33892
49,33893
49,33914
49,33936
49,33946
49,33951
49,33958
49,33960
49,33969
49,33978
49,34000
49,34002
49,34021
49,34026
49,34027
49,34035
49,34072
49,34078
49,34083
49,34085
49,34111
49,34117
49,34118
49,34121
49,34135
49,34160
49,34163
49,34182
49,34205
49,34216
49,34231
49,34235
49,34269
49,34271
49,34281
49,34295
49,34302
49,34303
49,34306
49,34314
49,34315
49,34317
49,34335
49,34339
49,34344
49,34350
49,34352
49,34395
49,34401
49,34403
49,34407
49,34408
49,34413
49,34418
49,34428
49,34440
49,34441
49,34443
49,34449
49,34460
49,34463
49,34470
49,34479
49,34483
49,34490
49,34491
49,34493
49,34507
49,34516
49,34539
49,34542
49,34548
49,34555
49,34580
49,34604
49,34619
49,34638
50,34640
50,34656
50,34660
50,34662
50,34664
50,34668
50,34674
50,34680
50,34684
50,34685
50,34698
50,34722
50,34737
50,34739
50,34746
50,34747
50,34752
50,34755
50,34757
50,34760
50,34762
50,34764
50,34766
50,34769
50,34771
50,34784
50,34788
50,34807
50,34821
50,34822
50,34844
50,34866
50,34869
50,34928
50,34935
50,34945
50,34961
50,34970
50,34978
50,34982
50,34986
50,34988
50,34989
50,34992
50,35007
50,35013
50,35024
50,35029
50,35033
50,35051
50,35058
50,35066
50,35085
50,35103
50,35107
50,35118
50,35123
50,35133
50,35143
50,35145
50,35172
50,35173
50,35211
50,35212
50,35215
50,35234
50,35260
50,35261
50,35267
50,35268
50,35279
50,35285
50,35286
50,35303
50,35326
50,35350
50,35351
50,35355
50,35384
50,35398
50,35402
50,35418
50,35456
50,35457
50,35463
50,35466
50,35476
50,35484
50,35490
50,35499
50,35508
50,35525
50,35534
50,35544
50,35553
50,35562
50,35565
50,35571
50,35572
50,35593
51,35604
51,35607
51,35608
51,35610
51,35617
51,35622
51,35628
51,35636
51,35652
51,35655
51,35668
51,35680
51,35691
51,35704
51,35720
51,35729
51,35735
51,35752
51,35773
51,35781
51,35783
51,35790
51,35800
51,35835
51,35836
51,35857
51,35887
51,35888
51,35889
51,35903
51,35908
51,35909
51,35919
51,35932
51,35937
51,35952
51,35955
51,35956
51,35974
51,36009
51,36020
51,36031
51,36044
51,36058
51,36075
51,36078
51,36090
51,36091
51,36112
51,36115
51,36118
51,36124
51,36136
51,36162
51,36177
51,36189
51,36214
51,36221
51,36227
51,36232
51,36237
51,36245
51,36247
51,36276
51,36287
51,36311
51,36322
51,36330
51,36331
51,36333
51,36340
51,36343
51,36345
51,36364
51,36368
51,36373
51,36376
51,36379
51,36382
51,36396
51,36406
51,36411
51,36417
51,36434
51,36440
51,36456
51,36460
51,36461
51,36462
51,36464
51,36477
51,36493
51,36498
51,36508
51,36521
51,36522
51,36556
51,36557
51,36566
51,36575
52,36613
52,36619
52,36624
52,36645
52,36667
52,36691
52,36697
52,36708
52,36709
52,36711
52,36730
52,36731
52,36734
52,36746
52,36760
52,36777
52,36779
52,36784
52,36802
52,36815
52,36817
52,36831
52,36842
52,36857
52,36866
52,36887
52,36903
52,36929
52,36934
52,36940
52,36941
52,36953
52,36957
52,36960
52,36966
52,36970
52,36977
52,36978
52,36979
52,37010
52,37015
52,37017
52,37026
52,37027
52,37054
52,37058
52,37084
52,37097
52,37111
52,37116
52,37127
52,37131
52,37142
52,37155
52,37156
52,37157
52,37161
52,37165
52,37186
52,37195
52,37200
52,37228
52,37244
52,37245
52,37277
52,37306
52,37318
52,37324
52,37361
52,37394
52,37416
52,37427
52,37431
52,37435
52,37440
52,37442
52,37453
52,37507
52,37509
52,37511
52,37516
52,37538
52,37552
52,37554
52,37561
52,37571
52,37585
52,37587
52,37596
52,37601
52,37613
52,37614
52,37628
52,37663
52,37680
52,37681
52,37685
52,37703
52,37709
52,37716
53,37721
53,37729
53,37781
53,37784
53,37788
53,37792
53,37823
53,37852
53,37861
53,37882
53,37896
53,37901
53,37903
53,37922
53,37923
53,37926
53,37928
53,37930
53,37934
53,37939
53,37940
53,37944
53,37976
53,37999
53,38005
53,38007
53,38020
53,38039
53,38047
53,38061
53,38063
53,38067
53,38072
53,38089
53,38119
53,38125
53,38126
53,38141
53,38160
53,38161
53,38165
53,38176
53,38198
53,38222
53,38226
53,38243
53,38247
53,38255
53,38269
53,38276
53,38290
53,38292
53,38307
53,38323
53,38328
53,38331
53,38344
53,38352
53,38356
53,38369
53,38373
53,38375
53,38379
53,38383
53,38394
53,38397
53,38435
53,38461
53,38496
53,38517
53,38522
53,38523
53,38524
53,38533
53,38536
53,38545
53,38558
53,38603
53,38619
53,38620
53,38638
53,38658
53,38672
53,38673
53,38697
53,38704
53,38708
53,38709
53,38714
53,38725
53,38726
53,38737
53,38738
53,38741
53,38751
53,38755
53,38764
53,38770
53,38771
53,38794
54,38796
54,38807
54,38809
54,38835
54,38840
54,38842
54,38850
54,38855
54,38859
54,38871
54,38872
54,38876
54,38885
54,38893
54,38905
54,38913
54,38918
54,38928
54,38932
54,38938
54,38940
54,38952
54,38953
54,38970
54,38973
54,38988
54,39013
54,39014
54,39027
54,39028
54,39047
54,39048
54,39065
54,39070
54,39092
54,39109
54,39120
54,39134
54,39136
54,39139
54,39148
54,39154
54,39177
54,39184
54,39192
54,39197
54,39200
54,39256
54,39265
54,39269
54,39277
54,39285
54,39291
54,39310
54,39324
54,39326
54,39336
54,39357
54,39370
54,39374
54,39398
54,39404
54,39406
54,39424
54,39431
54,39432
54,39435
54,39464
54,39465
54,39488
54,39492
54,39493
54,39495
54,39496
54,39506
54,39507
54,39520
54,39546
54,39553
54,39559
54,39608
54,39609
54,39636
54,39645
54,39666
54,39698
54,39732
54,39733
54,39744
54,39747
54,39772
54,39775
54,39778
54,39791
54,39796
54,39806
54,39814
54,39819
54,39845
54,39851
55,39856
55,39927
55,39931
55,39936
55,39947
55,39952
55,39960
55,39962
55,39982
55,39991
55,39994
55,40004
55,40016
55,40028
55,40039
55,40045
55,40060
55,40074
55,40122
55,40129
55,40152
55,40155
55,40166
55,40178
55,40182
55,40189
55,40231
55,40241
55,40256
55,40282
55,40304
55,40314
55,40318
55,40319
55,40353
55,40354
55,40358
55,40373
55,40383
55,40392
55,40398
55,40408
55,40414
55,40425
55,40439
55,40440
55,40476
55,40500
55,40503
55,40507
55,40513
55,40519
55,40522
55,40523
55,40529
55,40550
55,40564
55,40578
55,40592
55,40593
55,40594
55,40607
55,40616
55,40633
55,40635
55,40661
55,40676
55,40683
55,40702
55,40706
55,40716
55,40719
55,40725
55,40727
55,40786
55,40787
55,40796
55,40801
55,40836
55,40863
55,40864
55,40894
55,40897
55,40914
55,40926
55,40949
55,40963
55,40974
55,40984
55,40985
55,40986
55,41023
55,41032
55,41043
55,41057
55,41078
55,41079
55,41090
55,41092
55,41101
56,41133
56,41134
56,41137
56,41144
56,41159
56,41168
56,41186
56,41187
56,41189
56,41199
56,41226
56,41237
56,41250
56,41251
56,41285
56,41292
56,41293
56,41309
56,41329
56,41339
56,41344
56,41379
56,41380
56,41388
56,41408
56,41409
56,41423
56,41444
56,41463
56,41475
56,41479
56,41494
56,41495
56,41497
56,41554
56,41562
56,41585
56,41601
56,41636
56,41637
56,41659
56,41663
56,41673
56,41676
56,41701
56,41709
56,41720
56,41725
56,41738
56,41749
56,41754
56,41757
56,41781
56,41787
56,41793
56,41864
56,41891
56,41928
56,41944
56,41951
56,41952
56,41954
56,41960
56,41967
56,41971
56,42006
56,42030
56,42044
56,42053
56,42064
56,42079
56,42080
56,42085
56,42096
56,42097
56,42104
56,42106
56,42107
56,42125
56,42127
56,42128
56,42138
56,42142
56,42144
56,42150
56,42157
56,42159
56,42166
56,42172
56,42193
56,42194
56,42198
56,42211
56,42212
56,42228
56,42229
56,42231
56,42232
56,42234
56,42240
57,42248
57,42252
57,42263
57,42268
57,42283
57,42288
57,42289
57,42304
57,42316
57,42317
57,42319
57,42332
57,42338
57,42357
57,42383
57,42398
57,42399
57,42401
57,42406
57,42409
57,42425
57,42438
57,42451
57,42459
57,42463
57,42471
57,42482
57,42495
57,42500
57,42539
57,42549
57,42552
57,42554
57,42576
57,42583
57,42584
57,42589
57,42590
57,42642
57,42658
57,42668
57,42686
57,42691
57,42694
57,42709
57,42726
57,42766
57,42767
57,42778
57,42780
57,42782
57,42794
57,42795
57,42802
57,42841
57,42843
57,42857
57,42891
57,42898
57,42905
57,42913
57,42975
57,42990
57,43012
57,43017
57,43018
57,43020
57,43049
57,43069
57,43080
57,43082
57,43083
57,43087
57,43091
57,43109
57,43110
57,43114
57,43120
57,43143
57,43164
57,43194
57,43201
57,43206
57,43213
57,43224
57,43232
57,43241
57,43246
57,43248
57,43249
57,43260
57,43263
57,43266
57,43271
57,43272
57,43319
57,43339
57,43340
57,43353
57,43355
58,43365
58,43414
58,43422
58,43425
58,43435
58,43459
58,43477
58,43478
58,43520
58,43521
58,43532
58,43558
58,43559
58,43560
58,43562
58,43572
58,43592
58,43596
58,43622
58,43631
58,43649
58,43656
58,43657
58,43662
58,43671
58,43676
58,43683
58,43694
58,43696
58,43698
58,43700
58,43719
58,43723
58,43733
58,43736
58,43737
58,43742
58,43753
58,43792
58,43843
58,43845
58,43852
58,43866
58,43869
58,43877
58,43881
58,43893
58,43921
58,43926
58,43927
58,43931
58,43933
58,43945
58,43954
58,43973
58,43977
58,43984
58,43985
58,43986
58,44011
58,44016
58,44022
58,44028
58,44029
58,44034
58,44097
58,44122
58,44128
58,44132
58,44133
58,44136
58,44163
58,44171
58,44194
58,44196
58,44203
58,44213
58,44227
58,44237
58,44244
58,44261
58,44294
58,44295
58,44333
58,44334
58,44337
58,44359
58,44360
58,44365
58,44383
58,44391
58,44393
58,44424
58,44428
58,44437
58,44446
58,44455
58,44472
58,44485
58,44494
59,44500
59,44504
59,44518
59,44545
59,44546
59,44548
59,44587
59,44599
59,44601
59,44605
59,44611
59,44620
59,44649
59,44656
59,44695
59,44712
59,44714
59,44717
59,44721
59,44722
59,44748
59,44766
59,44797
59,44820
59,44902
59,44938
59,44967
59,45009
59,45026
59,45029
59,45036
59,45069
59,45073
59,45093
59,45097
59,45103
59,45104
59,45112
59,45147
59,45149
59,45151
59,45186
59,45205
59,45206
59,45225
59,45227
59,45230
59,45257
59,45262
59,45275
59,45283
59,45318
59,45327
59,45337
59,45347
59,45364
59,45368
59,45380
59,45387
59,45390
59,45393
59,45398
59,45413
59,45420
59,45432
59,45433
59,45440
59,45441
59,45447
59,45448
59,45468
59,45469
59,45470
59,45510
59,45513
59,45526
59,45530
59,45536
59,45595
59,45603
59,45604
59,45635
59,45647
59,45648
59,45652
59,45656
59,45667
59,45687
59,45713
59,45725
59,45735
59,45741
59,45742
59,45744
59,45747
59,45756
59,45758
59,45780
59,45784
59,45816
60,45817
60,45819
60,45833
60,45843
60,45844
60,45855
60,45860
60,45888
60,45910
60,45942
60,45943
60,45961
60,45975
60,45990
60,45991
60,45993
60,46014
60,46034
60,46038
60,46064
60,46078
60,46081
60,46085
60,46118
60,46133
60,46155
60,46175
60,46191
60,46193
60,46198
60,46208
60,46220
60,46225
60,46227
60,46258
60,46266
60,46270
60,46276
60,46299
60,46309
60,46338
60,46359
60,46375
60,46381
60,46382
60,46386
60,46393
60,46406
60,46410
60,46433
60,46453
60,46474
60,46478
60,46493
60,46526
60,46577
60,46588
60,46633
60,46653
60,46703
60,46705
60,46713
60,46728
60,46746
60,46749
60,46753
60,46754
60,46757
60,46759
60,46761
60,46762
60,46763
60,46776
60,46783
60,46793
60,46794
60,46797
60,46801
60,46811
60,46826
60,46827
60,46828
60,46845
60,46884
60,46892
60,46909
60,46928
60,46945
60,46952
60,46959
60,46985
60,46999
60,47012
60,47059
60,47062
60,47077
60,47115
60,47116
60,47134
60,47142
61,47180
61,47181
61,47190
61,47197
61,47216
61,47300
61,47302
61,47304
61,47313
61,47322
61,47340
61,47344
61,47348
61,47371
61,47378
61,47380
61,47382
61,47394
61,47425
61,47431
61,47444
61,47466
61,47467
61,47468
61,47478
61,47492
61,47563
61,47576
61,47616
61,47634
61,47650
61,47652
61,47658
61,47677
61,47696
61,47722
61,47737
61,47738
61,47794
61,47809
61,47812
61,47837
61,47854
61,47862
61,47865
61,47888
61,47904
61,47944
61,47971
61,47975
61,47981
61,47985
61,48026
61,48032
61,48047
61,48064
61,48069
61,48070
61,48073
61,48078
61,48098
61,48116
61,48120
61,48128
61,48133
61,48136
61,48142
61,48147
61,48167
61,48169
61,48175
61,48184
61,48192
61,48207
61,48214
61,48223
61,48227
61,48275
61,48321
61,48322
61,48325
61,48336
61,48343
61,48362
61,48363
61,48448
61,48449
61,48461
61,48480
61,48486
61,48493
61,48554
61,48559
61,48573
61,48606
61,48624
61,48631
61,48632
61,48641
61,48644
62,48648
62,48662
62,48689
62,48697
62,48698
62,48707
62,48715
62,48722
62,48731
62,48733
62,48737
62,48738
62,48739
62,48744
62,48766
62,48767
62,48787
62,48788
62,48791
62,48793
62,48833
62,48834
62,48842
62,48857
62,48863
62,48869
62,48879
62,48930
62,48931
62,48942
62,48999
62,49021
62,49030
62,49034
62,49035
62,49074
62,49100
62,49103
62,49125
62,49161
62,49182
62,49219
62,49224
62,49227
62,49238
62,49241
62,49243
62,49297
62,49328
62,49334
62,49336
62,49377
62,49405
62,49422
62,49424
62,49432
62,49449
62,49465
62,49493
62,49508
62,49509
62,49536
62,49537
62,49548
62,49558
62,49565
62,49571
62,49572
62,49604
62,49611
62,49614
62,49616
62,49622
62,49674
62,49675
62,49677
62,49697
62,49705
62,49708
62,49710
62,49711
62,49718
62,49721
62,49722
62,49732
62,49739
62,49750
62,49766
62,49813
62,49820
62,49821
62,49850
62,49865
62,49869
62,49879
62,49962
62,49963
62,49974
62,49976
62,50003
63,50012
63,50013
63,50030
63,50056
63,50073
63,50086
63,50106
63,50111
63,50140
63,50144
63,50148
63,50150
63,50158
63,50163
63,50206
63,50244
63,50246
63,50253
63,50260
63,50278
63,50301
63,50307
63,50328
63,50362
63,50378
63,50438
63,50450
63,50471
63,50485
63,50487
63,50511
63,50523
63,50528
63,50562
63,50576
63,50579
63,50603
63,50627
63,50636
63,50639
63,50662
63,50681
63,50686
63,50688
63,50689
63,50690
63,50694
63,50701
63,50705
63,50722
63,50732
63,50768
63,50769
63,50771
63,50773
63,50795
63,50815
63,50824
63,50864
63,50882
63,50884
63,50895
63,50907
63,50925
63,50932
63,50965
63,50966
63,50989
63,50994
63,51010
63,51039
63,51046
63,51051
63,51068
63,51082
63,51089
63,51091
63,51096
63,51111
63,51129
63,51136
63,51153
63,51168
63,51169
63,51203
63,51204
63,51209
63,51224
63,51238
63,51248
63,51277
63,51305
63,51306
63,51312
63,51318
63,51337
63,51342
63,51390
63,51394
63,51405
64,51409
64,51419
64,51436
64,51439
64,51448
64,51452
64,51460
64,51469
64,51475
64,51495
64,51507
64,51519
64,51526
64,51537
64,51539
64,51541
64,51542
64,51549
64,51573
64,51580
64,51585
64,51587
64,51601
64,51639
64,51668
64,51680
64,51700
64,51703
64,51716
64,51751
64,51766
64,51774
64,51776
64,51781
64,51795
64,51799
64,51806
64,51839
64,51863
64,51871
64,51877
64,51885
64,51886
64,51901
64,51908
64,51916
64,51922
64,51954
64,51968
64,51970
64,51971
64,51972
64,51975
64,51978
64,52002
64,52014
64,52019
64,52049
64,52084
64,52100
64,52113
64,52126
64,52146
64,52153
64,52159
64,52163
64,52191
64,52194
64,52196
64,52214
64,52220
64,52236
64,52239
64,52249
64,52261
64,52271
64,52283
64,52286
64,52290
64,52291
64,52325
64,52335
64,52358
64,52376
64,52409
64,52444
64,52455
64,52456
64,52464
64,52473
64,52494
64,52499
64,52512
64,52527
64,52537
64,52541
64,52571
64,52572
64,52588
64,52592
65,52601
65,52603
65,52605
65,52612
65,52620
65,52630
65,52655
65,52713
65,52722
65,52735
65,52756
65,52802
65,52804
65,52825
65,52853
65,52854
65,52866
65,52887
65,52898
65,52901
65,52929
65,52981
65,52982
65,53011
65,53013
65,53032
65,53055
65,53081
65,53090
65,53100
65,53124
65,53125
65,53138
65,53168
65,53186
65,53193
65,53200
65,53208
65,53216
65,53233
65,53293
65,53353
65,53389
65,53409
65,53416
65,53418
65,53419
65,53422
65,53462
65,53495
65,53498
65,53536
65,53586
65,53588
65,53596
65,53603
65,53613
65,53616
65,53624
65,53650
65,53651
65,53656
65,53659
65,53660
65,53688
65,53695
65,53697
65,53706
65,53707
65,53711
65,53722
65,53734
65,53748
65,53754
65,53755
65,53758
65,53760
65,53784
65,53789
65,53797
65,53798
65,53813
65,53819
65,53836
65,53839
65,53846
65,53847
65,53902
65,53988
65,54006
65,54009
65,54020
65,54079
65,54085
65,54096
65,54142
65,54143
65,54147
65,54161
65,54163
66,54164
66,54199
66,54207
66,54229
66,54241
66,54287
66,54311
66,54332
66,54349
66,54357
66,54359
66,54394
66,54461
66,54480
66,54486
66,54507
66,54530
66,54537
66,54554
66,54563
66,54601
66,54609
66,54629
66,54643
66,54648
66,54653
66,54661
66,54673
66,54693
66,54716
66,54747
66,54758
66,54769
66,54775
66,54784
66,54803
66,54813
66,54823
66,54836
66,54845
66,54849
66,54862
66,54877
66,54887
66,54888
66,54897
66,54913
66,54914
66,54935
66,54955
66,54958
66,54972
66,54998
66,55021
66,55034
66,55035
66,55040
66,55060
66,55078
66,55080
66,55140
66,55145
66,55152
66,55157
66,55210
66,55219
66,55224
66,55235
66,55293
66,55303
66,55316
66,55319
66,55342
66,55360
66,55362
66,55394
66,55395
66,55403
66,55409
66,55420
66,55431
66,55433
66,55439
66,55440
66,55447
66,55450
66,55467
66,55488
66,55514
66,55519
66,55526
66,55530
66,55571
66,55580
66,55595
66,55601
66,55612
66,55643
66,55649
66,55663
67,55674
67,55690
67,55706
67,55740
67,55744
67,55760
67,55779
67,55782
67,55784
67,55795
67,55804
67,55838
67,55866
67,55872
67,55886
67,55889
67,55891
67,55930
67,55941
67,55952
67,55977
67,55984
67,56056
67,56077
67,56078
67,56093
67,56109
67,56110
67,56111
67,56114
67,56162
67,56179
67,56188
67,56190
67,56215
67,56242
67,56245
67,56246
67,56262
67,56263
67,56279
67,56281
67,56313
67,56315
67,56338
67,56347
67,56374
67,56387
67,56411
67,56422
67,56427
67,56442
67,56487
67,56489
67,56524
67,56537
67,56556
67,56563
67,56582
67,56614
67,56622
67,56640
67,56646
67,56660
67,56669
67,56682
67,56693
67,56741
67,56754
67,56771
67,56780
67,56792
67,56798
67,56803
67,56826
67,56844
67,56846
67,56860
67,56867
67,56868
67,56879
67,56885
67,56944
67,56948
67,56955
67,56964
67,56974
67,56992
67,56993
67,57000
67,57018
67,57030
67,57033
67,57080
67,57100
67,57119
67,57188
67,57189
67,57190
67,57235
68,57253
68,57273
68,57276
68,57278
68,57295
68,57328
68,57330
68,57336
68,57346
68,57350
68,57351
68,57360
68,57374
68,57384
68,57392
68,57449
68,57465
68,57510
68,57522
68,57527
68,57551
68,57555
68,57560
68,57564
68,57570
68,57576
68,57593
68,57611
68,57632
68,57641
68,57672
68,57678
68,57685
68,57746
68,57806
68,57814
68,57836
68,57844
68,57868
68,57872
68,57885
68,57914
68,57966
68,57984
68,57994
68,58035
68,58037
68,58051
68,58059
68,58061
68,58063
68,58073
68,58074
68,58081
68,58090
68,58126
68,58130
68,58137
68,58151
68,58154
68,58170
68,58200
68,58220
68,58221
68,58223
68,58258
68,58263
68,58289
68,58298
68,58301
68,58316
68,58348
68,58365
68,58378
68,58387
68,58407
68,58416
68,58440
68,58446
68,58448
68,58462
68,58505
68,58530
68,58569
68,58595
68,58616
68,58622
68,58633
68,58636
68,58638
68,58662
68,58676
68,58691
68,58718
68,58727
68,58740
68,58775
68,58778
68,58797
68,58807
69,58812
69,58857
69,58859
69,58886
69,58911
69,58917
69,58918
69,58939
69,58956
69,58957
69,58965
69,58981
69,58986
69,59022
69,59031
69,59035
69,59041
69,59087
69,59090
69,59094
69,59095
69,59115
69,59146
69,59152
69,59162
69,59171
69,59210
69,59222
69,59235
69,59250
69,59297
69,59312
69,59320
69,59324
69,59331
69,59364
69,59373
69,59375
69,59425
69,59450
69,59454
69,59479
69,59480
69,59484
69,59546
69,59547
69,59556
69,59588
69,59620
69,59646
69,59655
69,59684
69,59705
69,59712
69,59715
69,59717
69,59725
69,59727
69,59733
69,59739
69,59748
69,59766
69,59770
69,59771
69,59777
69,59798
69,59818
69,59837
69,59863
69,59889
69,59895
69,59900
69,59901
69,59912
69,59951
69,59993
69,60027
69,60065
69,60101
69,60114
69,60122
69,60168
69,60173
69,60179
69,60181
69,60204
69,60205
69,60210
69,60222
69,60227
69,60274
69,60282
69,60287
69,60309
69,60314
69,60326
69,60338
69,60352
69,60357
69,60382
70,60383
70,60400
70,60412
70,60466
70,60472
70,60485
70,60486
70,60561
70,60601
70,60648
70,60649
70,60666
70,60689
70,60690
70,60695
70,60705
70,60711
70,60712
70,60738
70,60757
70,60759
70,60791
70,60802
70,60817
70,60819
70,60820
70,60821
70,60838
70,60856
70,60879
70,60895
70,60900
70,60985
70,60987
70,61009
70,61013
70,61041
70,61042
70,61092
70,61130
70,61135
70,61147
70,61163
70,61182
70,61218
70,61221
70,61229
70,61259
70,61261
70,61264
70,61306
70,61308
70,61312
70,61315
70,61324
70,61325
70,61387
70,61388
70,61393
70,61394
70,61411
70,61412
70,61427
70,61452
70,61457
70,61477
70,61498
70,61511
70,61514
70,61516
70,61525
70,61526
70,61533
70,61536
70,61559
70,61562
70,61602
70,61621
70,61628
70,61642
70,61664
70,61685
70,61722
70,61733
70,61755
70,61770
70,61773
70,61796
70,61813
70,61860
70,61879
70,61895
70,61898
70,61907
70,61909
70,61911
70,61945
70,61991
70,61995
70,62048
71,62058
71,62072
71,62075
71,62076
71,62077
71,62081
71,62082
71,62094
71,62095
71,62111
71,62128
71,62157
71,62167
71,62174
71,62178
71,62193
71,62215
71,62273
71,62299
71,62303
71,62304
71,62321
71,62337
71,62355
71,62357
71,62363
71,62369
71,62376
71,62391
71,62418
71,62428
71,62444
71,62448
71,62449
71,62452
71,62466
71,62491
71,62493
71,62499
71,62529
71,62536
71,62541
71,62553
71,62556
71,62585
71,62612
71,62643
71,62671
71,62687
71,62703
71,62712
71,62716
71,62749
71,62767
71,62785
71,62789
71,62790
71,62797
71,62824
71,62859
71,62864
71,62866
71,62880
71,62906
71,62908
71,62916
71,62919
71,62921
71,62926
71,62966
71,62969
71,62972
71,63021
71,63031
71,63035
71,63045
71,63063
71,63096
71,63126
71,63134
71,63172
71,63182
71,63195
71,63202
71,63224
71,63227
71,63236
71,63237
71,63260
71,63278
71,63366
71,63380
71,63403
71,63404
71,63417
71,63432
71,63489
71,63495
71,63523
71,63555
72,63557
72,63560
72,63580
72,63608
72,63638
72,63647
72,63682
72,63719
72,63722
72,63748
72,63749
72,63756
72,63776
72,63795
72,63807
72,63868
72,63889
72,63890
72,63901
72,63914
72,63939
72,63958
72,63976
72,63979
72,63999
72,64009
72,64028
72,64031
72,64040
72,64044
72,64067
72,64095
72,64099
72,64123
72,64158
72,64162
72,64173
72,64214
72,64217
72,64222
72,64233
72,64246
72,64264
72,64272
72,64283
72,64298
72,64299
72,64301
72,64313
72,64322
72,64336
72,64365
72,64367
72,64442
72,64443
72,64446
72,64451
72,64460
72,64496
72,64523
72,64539
72,64558
72,64613
72,64631
72,64673
72,64674
72,64684
72,64686
72,64694
72,64707
72,64713
72,64716
72,64724
72,64729
72,64743
72,64771
72,64782
72,64797
72,64805
72,64826
72,64847
72,64867
72,64874
72,64881
72,64898
72,64901
72,64915
72,64940
72,64998
72,65005
72,65006
72,65065
72,65077
72,65097
72,65125
72,65127
72,65153
72,65157
72,65165
72,65176
73,65185
73,65187
73,65266
73,65274
73,65297
73,65313
73,65438
73,65495
73,65513
73,65549
73,65575
73,65612
73,65613
73,65645
73,65657
73,65659
73,65726
73,65749
73,65758
73,65812
73,65880
73,65889
73,65947
73,65974
73,65976
73,65990
73,66017
73,66022
73,66023
73,66026
73,66093
73,66102
73,66139
73,66148
73,66184
73,66187
73,66201
73,66202
73,66204
73,66220
73,66230
73,66246
73,66251
73,66273
73,66281
73,66283
73,66301
73,66303
73,66377
73,66385
73,66396
73,66400
73,66411
73,66413
73,66416
73,66417
73,66480
73,66485
73,66500
73,66502
73,66536
73,66561
73,66588
73,66599
73,66607
73,66615
73,66680
73,66685
73,66718
73,66737
73,66747
73,66785
73,66792
73,66814
73,66886
73,66897
73,66928
73,66957
73,66976
73,66987
73,67013
73,67016
73,67060
73,67092
73,67107
73,67136
73,67147
73,67156
73,67263
73,67290
73,67300
73,67343
73,67372
73,67397
73,67420
73,67431
73,67488
73,67498
73,67503
73,67604
74,67610
74,67618
74,67656
74,67659
74,67685
74,67686
74,67693
74,67727
74,67741
74,67775
74,67808
74,67832
74,67850
74,67856
74,67857
74,67864
74,67870
74,67871
74,67883
74,67902
74,67903
74,67927
74,67947
74,67958
74,67992
74,67996
74,67999
74,68000
74,68016
74,68049
74,68072
74,68086
74,68106
74,68107
74,68128
74,68140
74,68154
74,68213
74,68221
74,68231
74,68236
74,68245
74,68283
74,68291
74,68388
74,68465
74,68466
74,68478
74,68492
74,68511
74,68527
74,68545
74,68618
74,68627
74,68643
74,68644
74,68647
74,68702
74,68749
74,68772
74,68779
74,68793
74,68796
74,68828
74,68885
74,68897
74,68906
74,68914
74,68957
74,69009
74,69036
74,69068
74,69091
74,69097
74,69127
74,69172
74,69206
74,69213
74,69219
74,69255
74,69257
74,69274
74,69283
74,69284
74,69339
74,69349
74,69384
74,69414
74,69469
74,69514
74,69528
74,69535
74,69564
74,69571
74,69584
74,69586
74,69593
74,69624
74,69639
74,69657
75,69669
75,69676
75,69705
75,69714
75,69742
75,69764
75,69869
75,69889
75,69914
75,69922
75,69937
75,69967
75,69989
75,70001
75,70003
75,70030
75,70031
75,70039
75,70048
75,70049
75,70050
75,70055
75,70062
75,70091
75,70134
75,70135
75,70137
75,70151
75,70165
75,70185
75,70192
75,70196
75,70201
75,70202
75,70217
75,70255
75,70259
75,70295
75,70303
75,70310
75,70319
75,70336
75,70357
75,70386
75,70387
75,70404
75,70420
75,70439
75,70460
75,70464
75,70470
75,70550
75,70559
75,70564
75,70588
75,70589
75,70604
75,70618
75,70641
75,70650
75,70662
75,70673
75,70732
75,70745
75,70747
75,70797
75,70814
75,70865
75,70922
75,70940
75,70944
75,70952
75,70960
75,70976
75,71005
75,71041
75,71053
75,71058
75,71069
75,71071
75,71087
75,71105
75,71116
75,71117
75,71133
75,71165
75,71174
75,71236
75,71253
75,71254
75,71290
75,71305
75,71335
75,71356
75,71385
75,71390
75,71414
75,71431
75,71456
75,71536
76,71569
76,71580
76,71583
76,71598
76,71614
76,71698
76,71700
76,71704
76,71711
76,71717
76,71726
76,71763
76,71810
76,71813
76,71895
76,71920
76,71930
76,71946
76,72010
76,72020
76,72036
76,72044
76,72053
76,72064
76,72091
76,72119
76,72144
76,72145
76,72151
76,72162
76,72165
76,72170
76,72294
76,72306
76,72309
76,72321
76,72322
76,72326
76,72328
76,72333
76,72338
76,72351
76,72416
76,72424
76,72425
76,72514
76,72515
76,72517
76,72524
76,72544
76,72555
76,72641
76,72646
76,72681
76,72769
76,72780
76,72797
76,72833
76,72867
76,72895
76,72985
76,73022
76,73023
76,73042
76,73099
76,73121
76,73127
76,73128
76,73169
76,73183
76,73209
76,73212
76,73252
76,73301
76,73306
76,73340
76,73365
76,73379
76,73428
76,73433
76,73468
76,73506
76,73508
76,73524
76,73564
76,73576
76,73587
76,73597
76,73598
76,73607
76,73619
76,73633
76,73656
76,73676
76,73761
76,73787
76,73848
76,73887
76,73914
76,73918
77,73994
77,74015
77,74036
77,74044
77,74068
77,74075
77,74110
77,74120
77,74161
77,74163
77,74184
77,74253
77,74257
77,74299
77,74326
77,74338
77,74357
77,74380
77,74386
77,74463
77,74476
77,74584
77,74637
77,74665
77,74686
77,74737
77,74746
77,74784
77,74798
77,74806
77,74865
77,74879
77,74913
77,74928
77,74952
77,74979
77,74999
77,75012
77,75032
77,75039
77,75046
77,75067
77,75119
77,75166
77,75221
77,75223
77,75225
77,75237
77,75313
77,75315
77,75321
77,75336
77,75358
77,75377
77,75384
77,75394
77,75399
77,75441
77,75464
77,75489
77,75499
77,75521
77,75530
77,75580
77,75611
77,75637
77,75696
77,75706
77,75748
77,75751
77,75757
77,75765
77,75792
77,75802
77,75809
77,75810
77,75825
77,75829
77,75831
77,75843
77,75880
77,75890
77,75913
77,76075
77,76097
77,76131
77,76164
77,76171
77,76176
77,76198
77,76229
77,76248
77,76256
77,76320
77,76331
77,76349
77,76370
77,76386
77,76427
77,76452
78,76466
78,76478
78,76492
78,76517
78,76537
78,76566
78,76583
78,76593
78,76604
78,76612
78,76641
78,76651
78,76652
78,76658
78,76662
78,76673
78,76698
78,76714
78,76720
78,76727
78,76762
78,76769
78,76782
78,76826
78,76833
78,76850
78,76853
78,76884
78,76888
78,76960
78,76975
78,77011
78,77016
78,77032
78,77058
78,77060
78,77106
78,77115
78,77124
78,77150
78,77152
78,77155
78,77274
78,77301
78,77341
78,77382
78,77402
78,77415
78,77445
78,77465
78,77477
78,77489
78,77498
78,77542
78,77562
78,77632
78,77636
78,77655
78,77673
78,77722
78,77730
78,77762
78,77784
78,77791
78,77794
78,77800
78,77843
78,77869
78,77880
78,77891
78,77892
78,77906
78,77917
78,77987
78,78020
78,78064
78,78120
78,78154
78,78163
78,78240
78,78249
78,78263
78,78274
78,78287
78,78298
78,78309
78,78322
78,78326
78,78372
78,78379
78,78380
78,78391
78,78392
78,78437
78,78438
78,78450
78,78462
78,78502
78,78563
78,78567
79,78641
79,78708
79,78717
79,78718
79,78744
79,78755
79,78777
79,78827
79,78828
79,78849
79,78883
79,78917
79,78965
79,78970
79,79011
79,79017
79,79019
79,79058
79,79069
79,79080
79,79104
79,79114
79,79234
79,79270
79,79289
79,79352
79,79368
79,79456
79,79538
79,79570
79,79574
79,79576
79,79616
79,79646
79,79671
79,79680
79,79686
79,79811
79,79864
79,79911
79,79918
79,79922
79,79940
79,79967
79,79985
79,79993
79,80088
79,80092
79,80115
79,80145
79,80146
79,80147
79,80207
79,80212
79,80222
79,80283
79,80325
79,80360
79,80374
79,80396
79,80411
79,80450
79,80496
79,80509
79,80515
79,80518
79,80555
79,80568
79,80611
79,80651
79,80654
79,80665
79,80701
79,80750
79,80804
79,80819
79,80850
79,80855
79,80869
79,80878
79,80915
79,80928
79,80994
79,81018
79,81024
79,81025
79,81086
79,81103
79,81129
79,81130
79,81132
79,81138
79,81144
79,81192
79,81226
79,81250
79,81256
79,81259
79,81339
79,81388
80,81409
80,81415
80,81492
80,81496
80,81510
80,81563
80,81581
80,81620
80,81621
80,81687
80,81729
80,81787
80,81812
80,81835
80,81847
80,81866
80,81876
80,81884
80,81896
80,81909
80,81910
80,81938
80,81947
80,82043
80,82045
80,82059
80,82089
80,82092
80,82113
80,82122
80,82172
80,82225
80,82239
80,82277
80,82283
80,82306
80,82324
80,82348
80,82350
80,82372
80,82373
80,82386
80,82399
80,82410
80,82419
80,82482
80,82497
80,82515
80,82520
80,82560
80,82583
80,82585
80,82612
80,82676
80,82693
80,82717
80,82749
80,82811
80,82900
80,82905
80,82934
80,82935
80,82959
80,83021
80,83024
80,83043
80,83057
80,83091
80,83096
80,83123
80,83185
80,83201
80,83264
80,83279
80,83310
80,83317
80,83334
80,83379
80,83390
80,83408
80,83414
80,83416
80,83421
80,83455
80,83485
80,83493
80,83494
80,83512
80,83533
80,83553
80,83599
80,83602
80,83635
80,83695
80,83791
80,83800
80,83807
80,83847
80,83864
80,83889
81,83894
81,83907
81,83908
81,83924
81,83949
81,83969
81,84007
81,84032
81,84034
81,84055
81,84059
81,84093
81,84094
81,84101
81,84104
81,84126
81,84199
81,84226
81,84248
81,84267
81,84268
81,84271
81,84288
81,84342
81,84368
81,84370
81,84375
81,84403
81,84427
81,84495
81,84516
81,84518
81,84527
81,84528
81,84539
81,84549
81,84601
81,84611
81,84766
81,84767
81,84813
81,84845
81,84878
81,84896
81,84919
81,84934
81,85015
81,85026
81,85092
81,85103
81,85150
81,85152
81,85176
81,85195
81,85203
81,85218
81,85219
81,85232
81,85241
81,85242
81,85246
81,85257
81,85327
81,85339
81,85352
81,85363
81,85371
81,85383
81,85391
81,85464
81,85486
81,85489
81,85496
81,85609
81,85621
81,85633
81,85668
81,85680
81,85686
81,85734
81,85782
81,85788
81,85828
81,85831
81,85847
81,85859
81,85910
81,85914
81,85924
81,85931
81,85945
81,85957
81,85964
81,85974
81,85983
81,85997
81,86021
81,86025
81,86029
81,86145
82,86162
82,86176
82,86217
82,86252
82,86317
82,86386
82,86420
82,86455
82,86459
82,86482
82,86522
82,86585
82,86602
82,86646
82,86694
82,86738
82,86757
82,86805
82,86833
82,86874
82,86907
82,86943
82,87055
82,87060
82,87092
82,87123
82,87154
82,87156
82,87203
82,87222
82,87229
82,87240
82,87258
82,87262
82,87263
82,87270
82,87271
82,87318
82,87399
82,87428
82,87430
82,87436
82,87515
82,87520
82,87642
82,87673
82,87697
82,87759
82,87777
82,87790
82,87791
82,87800
82,87864
82,87915
82,87918
82,87968
82,87972
82,87975
82,87982
82,88003
82,88028
82,88083
82,88138
82,88167
82,88211
82,88276
82,88282
82,88324
82,88359
82,88386
82,88399
82,88424
82,88437
82,88462
82,88465
82,88490
82,88542
82,88563
82,88605
82,88609
82,88699
82,88702
82,88708
82,88709
82,88742
82,88753
82,88754
82,88760
82,88766
82,88792
82,88846
82,88863
82,88977
82,89042
82,89072
82,89074
82,89085
82,89091
82,89152
82,89194
83,89212
83,89310
83,89349
83,89353
83,89358
83,89360
83,89364
83,89383
83,89417
83,89423
83,89444
83,89445
83,89454
83,89458
83,89502
83,89503
83,89507
83,89528
83,89533
83,89562
83,89588
83,89652
83,89666
83,89682
83,89698
83,89736
83,89818
83,89820
83,89833
83,89882
83,89954
83,89955
83,89974
83,89989
83,89994
83,90017
83,90034
83,90041
83,90066
83,90084
83,90097
83,90098
83,90101
83,90109
83,90110
83,90152
83,90193
83,90233
83,90242
83,90332
83,90448
83,90462
83,90483
83,90555
83,90558
83,90578
83,90584
83,90587
83,90602
83,90639
83,90644
83,90665
83,90688
83,90753
83,90758
83,90811
83,90835
83,90838
83,90878
83,90901
83,90964
83,90986
83,91029
83,91094
83,91105
83,91141
83,91151
83,91153
83,91157
83,91178
83,91212
83,91237
83,91239
83,91275
83,91305
83,91365
83,91373
83,91402
83,91411
83,91425
83,91428
83,91437
83,91505
83,91538
83,91549
83,91558
83,91607
83,91611
83,91646
83,91687
84,91716
84,91741
84,91742
84,91773
84,91847
84,91854
84,91917
84,91928
84,91936
84,91966
84,91979
84,92033
84,92057
84,92095
84,92111
84,92143
84,92166
84,92180
84,92236
84,92241
84,92316
84,92342
84,92380
84,92382
84,92404
84,92519
84,92545
84,92622
84,92667
84,92682
84,92697
84,92698
84,92811
84,92866
84,92980
84,93008
84,93244
84,93249
84,93261
84,93283
84,93290
84,93304
84,93314
84,93371
84,93400
84,93410
84,93461
84,93540
84,93560
84,93596
84,93603
84,93606
84,93612
84,93690
84,93736
84,93743
84,93893
84,93918
84,93957
84,93966
84,93999
84,94043
84,94055
84,94100
84,94193
84,94225
84,94232
84,94378
84,94384
84,94390
84,94401
84,94402
84,94424
84,94461
84,94462
84,94589
84,94599
84,94688
84,94700
84,94719
84,94722
84,94723
84,94746
84,94752
84,94753
84,94757
84,94767
84,94870
84,94873
84,94880
84,94908
84,94984
84,95023
84,95113
84,95162
84,95164
84,95168
84,95177
84,95238
84,95316
85,95341
85,95344
85,95361
85,95422
85,95435
85,95436
85,95439
85,95462
85,95472
85,95488
85,95542
85,95545
85,95559
85,95562
85,95573
85,95590
85,95630
85,95636
85,95647
85,95683
85,95750
85,95781
85,95784
85,95808
85,95839
85,95926
85,95930
85,96280
85,96335
85,96343
85,96504
85,96510
85,96619
85,96625
85,96636
85,96655
85,96701
85,96724
85,96732
85,96815
85,96847
85,96878
85,96969
85,96984
85,96995
85,97017
85,97041
85,97047
85,97051
85,97157
85,97167
85,97180
85,97223
85,97326
85,97352
85,97407
85,97469
85,97555
85,97590
85,97603
85,97643
85,97644
85,97649
85,97709
85,97756
85,97760
85,97791
85,97810
85,97826
85,97836
85,97883
85,97891
85,97907
85,97927
85,97980
85,97985
85,98031
85,98063
85,98073
85,98172
85,98183
85,98198
85,98209
85,98250
85,98301
85,98395
85,98402
85,98451
85,98484
85,98515
85,98588
85,98603
85,98666
85,98739
85,98742
85,98797
85,98881
85,98934
85,98975
85,99020
86,99021
86,99046
86,99118
86,99125
86,99154
86,99220
86,99279
86,99288
86,99290
86,99291
86,99339
86,99420
86,99534
86,99558
86,99579
86,99629
86,99692
86,99745
86,99820
86,99846
86,99856
86,99890
86,99915
86,99929
86,99955
86,99988
86,100029
86,100033
86,100034
86,100078
86,100193
86,100208
86,100269
86,100270
86,100290
86,100302
86,100304
86,100342
86,100347
86,100352
86,100357
86,100370
86,100385
86,100509
86,100519
86,100541
86,100558
86,100562
86,100630
86,100657
86,100669
86,100678
86,100710
86,100733
86,100779
86,100819
86,100823
86,100824
86,100870
86,100876
86,100898
86,101031
86,101082
86,101086
86,101119
86,101136
86,101274
86,101279
86,101362
86,101397
86,101401
86,101520
86,101554
86,101633
86,101694
86,101765
86,101838
86,101851
86,101860
86,101905
86,101989
86,102098
86,102174
86,102178
86,102186
86,102209
86,102250
86,102286
86,102293
86,102304
86,102345
86,102380
86,102461
86,102494
86,102585
86,102656
86,102658
86,102673
86,102704
86,102707
87,102777
87,102793
87,102835
87,102940
87,103101
87,103114
87,103129
87,103131
87,103185
87,103397
87,103403
87,103466
87,103493
87,103564
87,103682
87,103723
87,103724
87,103740
87,103756
87,103793
87,103891
87,103910
87,104000
87,104003
87,104028
87,104039
87,104052
87,104079
87,104086
87,104105
87,104140
87,104208
87,104217
87,104238
87,104378
87,104392
87,104498
87,104515
87,104620
87,104654
87,104719
87,104741
87,104781
87,104814
87,104829
87,104848
87,104855
87,104871
87,104910
87,104965
87,105014
87,105022
87,105274
87,105319
87,105389
87,105402
87,105462
87,105491
87,105537
87,105561
87,105583
87,105599
87,105663
87,105670
87,105679
87,105780
87,105815
87,105818
87,105859
87,105860
87,105916
87,105926
87,105937
87,105952
87,106036
87,106092
87,106101
87,106166
87,106168
87,106176
87,106193
87,106198
87,106224
87,106281
87,106340
87,106346
87,106369
87,106416
87,106432
87,106490
87,106495
87,106503
87,106504
87,106506
87,106529
87,106535
87,106568
87,106576
87,106610
87,106626
88,106639
88,106655
88,106722
88,106747
88,106755
88,106921
88,106937
88,106961
88,106977
88,107033
88,107074
88,107124
88,107243
88,107244
88,107254
88,107270
88,107312
88,107450
88,107474
88,107490
88,107500
88,107626
88,107689
88,107736
88,107766
88,107846
88,107899
88,107972
88,107973
88,107974
88,108001
88,108015
88,108103
88,108135
88,108178
88,108207
88,108309
88,108349
88,108376
88,108385
88,108398
88,108433
88,108497
88,108517
88,108576
88,108696
88,108697
88,108703
88,108768
88,108770
88,108771
88,108774
88,108803
88,108817
88,108822
88,108832
88,108847
88,108931
88,109057
88,109117
88,109137
88,109165
88,109199
88,109252
88,109328
88,109382
88,109386
88,109391
88,109475
88,109491
88,109569
88,109633
88,109674
88,109687
88,109700
88,109753
88,109772
88,109817
88,109827
88,109882
88,109905
88,109939
88,109940
88,109947
88,109957
88,109960
88,110088
88,110117
88,110144
88,110148
88,110183
88,110225
88,110227
88,110250
88,110254
88,110307
88,110340
88,110392
88,110408
88,110455
89,110456
89,110502
89,110543
89,110544
89,110563
89,110605
89,110653
89,110675
89,110811
89,110833
89,110851
89,110962
89,110970
89,110987
89,111091
89,111172
89,111211
89,111212
89,111272
89,111292
89,111322
89,111366
89,111374
89,111418
89,111441
89,111459
89,111518
89,111529
89,111582
89,111617
89,111731
89,111791
89,111825
89,111947
89,111975
89,112079
89,112129
89,112175
89,112185
89,112188
89,112207
89,112245
89,112304
89,112419
89,112451
89,112493
89,112508
89,112580
89,112589
89,112641
89,112715
89,112747
89,112805
89,112908
89,112941
89,112982
89,112994
89,113105
89,113106
89,113124
89,113171
89,113260
89,113323
89,113329
89,113331
89,113348
89,113374
89,113503
89,113557
89,113662
89,113687
89,113743
89,113861
89,113930
89,113931
89,113935
89,113954
89,114082
89,114092
89,114094
89,114119
89,114131
89,114170
89,114234
89,114315
89,114321
89,114355
89,114406
89,114444
89,114623
89,114802
89,114870
89,114896
89,114969
89,115100
89,115176
89,115203
89,115280
89,115292
89,115355
90,115408
90,115418
90,115436
90,115437
90,115466
90,115467
90,115497
90,115501
90,115529
90,115646
90,115647
90,115693
90,115694
90,115695
90,115703
90,115755
90,115882
90,115898
90,115924
90,115938
90,116007
90,116297
90,116430
90,116473
90,116477
90,116478
90,116495
90,116513
90,116549
90,116552
90,116557
90,116571
90,116576
90,116590
90,116659
90,116685
90,116687
90,116769
90,116829
90,116926
90,116976
90,117021
90,117090
90,117105
90,117107
90,117110
90,117182
90,117193
90,117244
90,117282
90,117367
90,117441
90,117452
90,117491
90,117492
90,117504
90,117505
90,117525
90,117626
90,117652
90,117678
90,117679
90,117797
90,117825
90,117838
90,117910
90,117917
90,117963
90,118015
90,118096
90,118151
90,118187
90,118195
90,118198
90,118210
90,118232
90,118256
90,118290
90,118293
90,118353
90,118535
90,118576
90,118637
90,118805
90,118852
90,118880
90,118884
90,118969
90,118979
90,118982
90,119181
90,119190
90,119233
90,119268
90,119355
90,119372
90,119412
90,119452
90,119464
90,119698
91,119756
91,119805
91,119858
91,119939
91,119953
91,119959
91,119971
91,120112
91,120135
91,120199
91,120236
91,120241
91,120316
91,120347
91,120437
91,120553
91,120605
91,120705
91,120993
91,120994
91,121026
91,121046
91,121134
91,121240
91,121308
91,121364
91,121438
91,121490
91,121568
91,121609
91,121641
91,121651
91,121655
91,121683
91,121762
91,121837
91,121890
91,121924
91,121991
91,122024
91,122052
91,122275
91,122331
91,122394
91,122439
91,122501
91,122546
91,122587
91,122698
91,122726
91,122851
91,122876
91,123011
91,123014
91,123141
91,123150
91,123152
91,123166
91,123183
91,123253
91,123269
91,123303
91,123333
91,123346
91,123365
91,123450
91,123471
91,123480
91,123618
91,123642
91,124035
91,124059
91,124071
91,124202
91,124288
91,124289
91,124312
91,124602
91,124657
91,124709
91,124842
91,124846
91,124870
91,124875
91,124924
91,124939
91,124946
91,124951
91,124965
91,124979
91,124988
91,125070
91,125087
91,125177
91,125353
91,125357
91,125378
91,125397
91,125445
91,125525
92,125534
92,125535
92,125536
92,125575
92,125578
92,125595
92,125599
92,125640
92,125653
92,125663
92,125747
92,125761
92,125773
92,125833
92,125856
92,125898
92,125923
92,125977
92,125996
92,126170
92,126261
92,126338
92,126367
92,126533
92,126564
92,126565
92,126566
92,126754
92,126787
92,126860
92,126932
92,126938
92,126968
92,126978
92,126997
92,127004
92,127108
92,127113
92,127127
92,127171
92,127175
92,127190
92,127238
92,127323
92,127381
92,127452
92,127523
92,127555
92,127601
92,127723
92,127870
92,127987
92,128014
92,128044
92,128045
92,128234
92,128350
92,128352
92,128454
92,128460
92,128483
92,128699
92,128709
92,128745
92,128840
92,129064
92,129151
92,129152
92,129197
92,129205
92,129217
92,129264
92,129299
92,129456
92,129463
92,129708
92,129709
92,129724
92,129766
92,129775
92,129875
92,129885
92,129900
92,129989
92,130001
92,130126
92,130232
92,130348
92,130374
92,130397
92,130423
92,130518
92,130582
92,130719
92,130769
92,130798
92,130919
92,130961
92,131115
92,131187
93,131739
93,131790
93,131886
93,131945
93,132072
93,132211
93,132212
93,132426
93,132469
93,132474
93,132593
93,132708
93,132715
93,132721
93,132728
93,132797
93,132965
93,133168
93,133309
93,133330
93,133364
93,133439
93,133457
93,133467
93,133511
93,133569
93,133625
93,133665
93,133699
93,133713
93,133778
93,133791
93,133886
93,133898
93,133977
93,133993
93,134075
93,134090
93,134096
93,134136
93,134160
93,134164
93,134172
93,134223
93,134322
93,134350
93,134466
93,134662
93,134729
93,134772
93,134788
93,134824
93,134830
93,134951
93,134957
93,135005
93,135010
93,135044
93,135048
93,135158
93,135252
93,135258
93,135288
93,135289
93,135292
93,135301
93,135391
93,135394
93,135462
93,135499
93,135644
93,135672
93,135811
93,135931
93,136013
93,136039
93,136244
93,136311
93,136330
93,136388
93,136424
93,136463
93,136526
93,136704
93,136719
93,136812
93,136814
93,136839
93,136889
93,136926
93,136945
93,137013
93,137173
93,137189
93,137209
93,137375
93,137472
93,137523
93,137531
93,137546
94,137789
94,137822
94,137829
94,137952
94,138003
94,138054
94,138134
94,138243
94,138330
94,138478
94,138569
94,138597
94,138612
94,138663
94,138758
94,138759
94,138867
94,139126
94,139136
94,139163
94,139255
94,139420
94,139424
94,139478
94,139495
94,139850
94,139901
94,139924
94,140278
94,140298
94,140330
94,140399
94,140424
94,140473
94,140583
94,140616
94,140792
94,140832
94,140844
94,140952
94,141036
94,141127
94,141215
94,141429
94,141557
94,141597
94,141609
94,141791
94,141800
94,141821
94,141944
94,141967
94,141986
94,141992
94,142032
94,142047
94,142271
94,142390
94,142404
94,142407
94,142468
94,142480
94,142582
94,142603
94,142661
94,142703
94,143031
94,143068
94,143086
94,143148
94,143248
94,143299
94,143374
94,143428
94,143543
94,143642
94,143817
94,143920
94,143934
94,144064
94,144065
94,144091
94,144097
94,144107
94,144301
94,144342
94,144405
94,144428
94,144602
94,144621
94,144710
94,145156
94,145230
94,145442
94,145477
94,145558
94,145559
94,145570
94,145728
94,145859
95,146023
95,146264
95,146277
95,146318
95,146786
95,146966
95,146978
95,147029
95,147049
95,147157
95,147165
95,147176
95,147221
95,147311
95,147386
95,147478
95,147518
95,147566
95,147595
95,147847
95,147885
95,148030
95,148136
95,148191
95,148379
95,148637
95,148687
95,148700
95,148768
95,148797
95,148834
95,148954
95,148965
95,149012
95,149116
95,149214
95,149487
95,149596
95,149651
95,149717
95,149967
95,150001
95,150004
95,150061
95,150165
95,150282
95,150382
95,150533
95,150693
95,150702
95,150885
95,150989
95,151089
95,151139
95,151220
95,151230
95,151244
95,151291
95,151701
95,151861
95,151957
95,152166
95,152179
95,152213
95,152535
95,152537
95,152613
95,152798
95,152928
95,153127
95,153433
95,153505
95,153513
95,153555
95,153587
95,153624
95,153785
95,153830
95,153896
95,153897
95,154053
95,154058
95,154085
95,154114
95,154137
95,154288
95,154352
95,154460
95,154512
95,154610
95,154712
95,154743
95,154797
95,154853
95,155328
95,155369
95,155537
95,155772
95,155912
95,155914
96,156802
96,157258
96,157261
96,157390
96,157804
96,157859
96,157871
96,157884
96,157926
96,157968
96,158245
96,158265
96,158286
96,158341
96,158490
96,158589
96,158868
96,159016
96,159076
96,159201
96,159396
96,159430
96,160025
96,160089
96,160091
96,160107
96,160270
96,160372
96,160434
96,160499
96,160845
96,161087
96,161239
96,161414
96,161507
96,161536
96,161781
96,161909
96,161983
96,162053
96,162100
96,162735
96,162946
96,163017
96,163318
96,163324
96,163332
96,163367
96,163435
96,163630
96,164035
96,164117
96,164158
96,164192
96,164253
96,164266
96,164490
96,164847
96,164876
96,164912
96,165058
96,165147
96,165414
96,165606
96,165791
96,167058
96,167440
96,167516
96,167611
96,167797
96,167972
96,168081
96,168094
96,168501
96,168514
96,168722
96,168761
96,168919
96,168964
96,169248
96,169385
96,169440
96,169526
96,169547
96,169920
96,170110
96,170147
96,170427
96,170481
96,170572
96,170669
96,170679
96,170707
96,171194
96,171245
96,171513
96,171576
96,171621
96,171938
96,172145
97,172204
97,172390
97,173150
97,173166
97,173247
97,173291
97,173551
97,173568
97,173590
97,173754
97,173787
97,173887
97,174436
97,174749
97,175060
97,175164
97,175225
97,175359
97,176619
97,176676
97,176728
97,177375
97,177623
97,177633
97,177896
97,178096
97,178259
97,178296
97,178578
97,179247
97,179389
97,179439
97,179627
97,179665
97,179684
97,179687
97,180032
97,180076
97,180156
97,180723
97,180737
97,180774
97,180802
97,181045
97,181106
97,181253
97,181538
97,181783
97,181993
97,182004
97,182075
97,182409
97,182505
97,182567
97,182632
97,182741
97,182774
97,183296
97,183477
97,184183
97,184401
97,184444
97,184640
97,184736
97,185253
97,186147
97,186266
97,187392
97,187516
97,187626
97,188389
97,188555
97,188716
97,188845
97,188883
97,188923
97,189010
97,189460
97,189604
97,189846
97,189952
97,190021
97,190308
97,190403
97,190441
97,190689
97,190963
97,191446
97,191524
97,191746
97,192834
97,192853
97,193021
97,193302
97,193481
97,193774
97,193836
97,193856
97,193950
97,193997
98,194425
98,194759
98,195131
98,195260
98,195691
98,195799
98,196452
98,196474
98,196883
98,197338
98,197368
98,197627
98,197712
98,197743
98,197997
98,198356
98,198368
98,198686
98,199131
98,199345
98,199646
98,199904
98,200940
98,202073
98,202175
98,202197
98,202359
98,202553
98,202581
98,202721
98,202999
98,203322
98,203510
98,203659
98,204024
98,204146
98,204200
98,204276
98,204704
98,204901
98,205745
98,206198
98,206688
98,206951
98,206967
98,206999
98,207132
98,207194
98,207357
98,208382
98,208843
98,208986
98,209305
98,209507
98,209557
98,209694
98,209695
98,209704
98,209724
98,209868
98,209932
98,210624
98,210775
98,210971
98,211254
98,211618
98,211769
98,211944
98,212465
98,213497
98,214637
98,214795
98,215358
98,216364
98,216505
98,216657
98,216888
98,217047
98,217315
98,218531
98,218745
98,218952
98,220274
98,220451
98,220800
98,221051
98,221235
98,221439
98,221768
98,222198
98,222647
98,222835
98,223159
98,223572
98,223594
98,224089
98,225462
98,225778
98,226146
98,226696
99,226815
99,226917
99,227608
99,227877
99,228187
99,228320
99,228370
99,229118
99,229744
99,231083
99,231937
99,233267
99,233773
99,234943
99,234957
99,235553
99,235697
99,235825
99,236112
99,236690
99,236784
99,237432
99,237831
99,237864
99,238028
99,240397
99,240650
99,240817
99,240952
99,241239
99,242026
99,242294
99,242486
99,244817
99,245566
99,246288
99,246387
99,250097
99,250993
99,251203
99,251465
99,251993
99,252739
99,253359
99,253440
99,253627
99,254076
99,254360
99,255561
99,255744
99,256895
99,257042
99,257239
99,257510
99,257641
99,258158
99,259595
99,259920
99,260510
99,261019
99,261168
99,262276
99,264134
99,267218
99,268485
99,271414
99,271817
99,272782
99,274421
99,277008
99,278577
99,280359
99,280801
99,282269
99,290244
99,290866
99,291906
99,292113
99,293811
99,297562
99,304005
99,304212
99,308200
99,308582
99,309077
99,311377
99,313305
99,314798
99,314936
99,315328
99,317300
99,317556
99,322082
99,329005
99,339535
99,350498
99,351465
99,354111
99,356147
99,380544
